File_Name,Molecule_Name,Molecule_Formula,Molecule_List_Name,Explicit_Retention_Time,Retention_Time,Area,Height,PPM,Precursor_Adduct,Isotope_Label_Type,Isotope_Dist_Index,Skewness,Kurtosis,Fwhm,Chromatogram_Precursor_M/Z,Raw_Number_of_Points,Raw_Times,Raw_Intensities,Start_Time,End_Time
QC-2_Blank-1_20241212_A_EC_JM-Breath-2_02.d,13C3-Alanine,C3H7NO2,Quench QC,5.8,#N/A,#N/A,#N/A,#N/A,[M3C13-H],heavy,0,,,#N/A,91.0505,902,"0.06,0.08,0.1,0.11,0.13,0.16,0.18,0.2,0.21,0.23,0.25,0.26,0.28,0.3,0.31,0.33,0.35,0.36,0.38,0.4,0.41,0.43,0.45,0.46,0.48,0.5,0.51,0.53,0.54,0.56,0.58,0.59,0.61,0.63,0.64,0.66,0.68,0.69,0.71,0.73,0.74,0.76,0.78,0.79,0.81,0.83,0.84,0.86,0.88,0.89,0.91,0.93,0.94,0.96,0.97,0.99,1.01,1.02,1.04,1.06,1.07,1.09,1.11,1.12,1.14,1.16,1.17,1.19,1.21,1.22,1.24,1.26,1.27,1.29,1.31,1.32,1.34,1.36,1.37,1.39,1.4,1.42,1.44,1.45,1.47,1.49,1.5,1.52,1.54,1.55,1.57,1.59,1.6,1.62,1.64,1.65,1.67,1.69,1.7,1.72,1.74,1.75,1.77,1.79,1.8,1.82,1.84,1.85,1.87,1.88,1.9,1.92,1.93,1.95,1.97,1.98,2,2.02,2.03,2.05,2.07,2.08,2.1,2.12,2.13,2.15,2.17,2.18,2.2,2.22,2.23,2.25,2.27,2.28,2.3,2.31,2.33,2.35,2.36,2.38,2.4,2.41,2.43,2.45,2.46,2.48,2.5,2.51,2.53,2.55,2.56,2.58,2.6,2.61,2.63,2.65,2.66,2.68,2.7,2.71,2.73,2.74,2.76,2.78,2.79,2.81,2.83,2.84,2.86,2.88,2.89,2.91,2.93,2.94,2.96,2.98,2.99,3.01,3.03,3.04,3.06,3.08,3.09,3.11,3.13,3.14,3.16,3.17,3.19,3.21,3.22,3.24,3.26,3.27,3.29,3.31,3.32,3.34,3.36,3.37,3.39,3.41,3.42,3.44,3.46,3.47,3.49,3.51,3.52,3.54,3.56,3.57,3.59,3.61,3.62,3.64,3.65,3.67,3.69,3.7,3.72,3.74,3.75,3.77,3.79,3.8,3.82,3.84,3.85,3.87,3.89,3.9,3.92,3.94,3.95,3.97,3.99,4,4.02,4.04,4.05,4.07,4.08,4.1,4.12,4.13,4.15,4.17,4.18,4.2,4.22,4.23,4.25,4.27,4.28,4.3,4.32,4.33,4.35,4.37,4.38,4.4,4.42,4.43,4.45,4.47,4.48,4.5,4.51,4.53,4.55,4.56,4.58,4.6,4.61,4.63,4.65,4.66,4.68,4.7,4.71,4.73,4.75,4.76,4.78,4.8,4.81,4.83,4.85,4.86,4.88,4.9,4.91,4.93,4.95,4.96,4.98,4.99,5.01,5.03,5.04,5.06,5.08,5.09,5.11,5.13,5.14,5.16,5.18,5.19,5.21,5.23,5.24,5.26,5.28,5.29,5.31,5.33,5.34,5.36,5.38,5.39,5.41,5.42,5.44,5.46,5.47,5.49,5.51,5.52,5.54,5.56,5.57,5.59,5.61,5.62,5.64,5.66,5.67,5.69,5.71,5.72,5.74,5.76,5.77,5.79,5.81,5.82,5.84,5.85,5.87,5.89,5.9,5.92,5.94,5.95,5.97,5.99,6,6.02,6.04,6.05,6.07,6.09,6.1,6.12,6.14,6.15,6.17,6.19,6.2,6.22,6.24,6.25,6.27,6.28,6.3,6.32,6.33,6.35,6.37,6.38,6.4,6.42,6.43,6.45,6.47,6.48,6.5,6.52,6.53,6.55,6.57,6.58,6.6,6.62,6.63,6.65,6.67,6.68,6.7,6.72,6.73,6.75,6.76,6.78,6.8,6.81,6.83,6.85,6.86,6.88,6.9,6.91,6.93,6.95,6.96,6.98,7,7.01,7.03,7.05,7.06,7.08,7.1,7.11,7.13,7.15,7.16,7.18,7.19,7.21,7.23,7.24,7.26,7.28,7.29,7.31,7.33,7.34,7.36,7.38,7.39,7.41,7.43,7.44,7.46,7.48,7.49,7.51,7.53,7.54,7.56,7.58,7.59,7.61,7.62,7.64,7.66,7.67,7.69,7.71,7.72,7.74,7.76,7.77,7.79,7.81,7.82,7.84,7.86,7.87,7.89,7.91,7.92,7.94,7.96,7.97,7.99,8.01,8.02,8.04,8.06,8.07,8.09,8.1,8.12,8.14,8.15,8.17,8.19,8.2,8.22,8.24,8.25,8.27,8.29,8.3,8.32,8.34,8.35,8.37,8.39,8.4,8.42,8.44,8.45,8.47,8.49,8.5,8.52,8.53,8.55,8.57,8.58,8.6,8.62,8.63,8.65,8.67,8.68,8.7,8.72,8.73,8.75,8.77,8.78,8.8,8.82,8.83,8.85,8.87,8.88,8.9,8.92,8.93,8.95,8.96,8.98,9,9.01,9.03,9.05,9.06,9.08,9.1,9.11,9.13,9.15,9.16,9.18,9.2,9.21,9.23,9.25,9.26,9.28,9.3,9.31,9.33,9.35,9.36,9.38,9.39,9.41,9.43,9.44,9.46,9.48,9.49,9.51,9.53,9.54,9.56,9.58,9.59,9.61,9.63,9.64,9.66,9.68,9.69,9.71,9.73,9.74,9.76,9.78,9.79,9.81,9.83,9.84,9.86,9.87,9.89,9.91,9.92,9.94,9.96,9.97,9.99,10.01,10.02,10.04,10.06,10.07,10.09,10.11,10.12,10.14,10.16,10.17,10.19,10.21,10.22,10.24,10.26,10.27,10.29,10.3,10.32,10.34,10.35,10.37,10.39,10.4,10.42,10.44,10.45,10.47,10.49,10.5,10.52,10.54,10.55,10.57,10.59,10.6,10.62,10.64,10.65,10.67,10.69,10.7,10.72,10.73,10.75,10.77,10.78,10.8,10.82,10.83,10.85,10.87,10.88,10.9,10.92,10.93,10.95,10.97,10.98,11,11.02,11.03,11.05,11.07,11.08,11.1,11.12,11.13,11.15,11.17,11.18,11.2,11.21,11.23,11.25,11.26,11.28,11.3,11.31,11.33,11.35,11.36,11.38,11.4,11.41,11.43,11.45,11.46,11.48,11.5,11.51,11.53,11.55,11.56,11.58,11.6,11.61,11.63,11.64,11.66,11.68,11.69,11.71,11.73,11.74,11.76,11.78,11.79,11.81,11.83,11.84,11.86,11.88,11.89,11.91,11.93,11.94,11.96,11.98,11.99,12.01,12.03,12.04,12.06,12.07,12.09,12.11,12.12,12.14,12.16,12.17,12.19,12.21,12.22,12.24,12.26,12.27,12.29,12.31,12.32,12.34,12.36,12.37,12.39,12.41,12.42,12.44,12.46,12.47,12.49,12.5,12.52,12.54,12.55,12.57,12.59,12.6,12.62,12.64,12.65,12.67,12.69,12.7,12.72,12.74,12.75,12.77,12.79,12.8,12.82,12.84,12.85,12.87,12.89,12.9,12.92,12.94,12.95,12.97,12.98,13,13.02,13.03,13.05,13.07,13.08,13.1,13.12,13.13,13.15,13.17,13.18,13.2,13.22,13.23,13.25,13.27,13.28,13.3,13.32,13.33,13.35,13.37,13.38,13.4,13.41,13.43,13.45,13.46,13.48,13.5,13.51,13.53,13.55,13.56,13.58,13.6,13.61,13.63,13.65,13.66,13.68,13.7,13.71,13.73,13.75,13.76,13.78,13.8,13.81,13.83,13.84,13.86,13.88,13.89,13.91,13.93,13.94,13.96,13.98,13.99,14.01,14.03,14.04,14.06,14.08,14.09,14.11,14.13,14.14,14.16,14.18,14.19,14.21,14.23,14.24,14.26,14.28,14.29,14.31,14.32,14.34,14.36,14.37,14.39,14.41,14.42,14.44,14.46,14.47,14.49,14.51,14.52,14.54,14.56,14.57,14.59,14.61,14.62,14.64,14.66,14.67,14.69,14.71,14.72,14.74,14.75,14.77,14.79,14.8,14.82,14.84,14.85,14.87,14.89,14.9,14.92,14.94,14.95,14.97,14.99","0,0,0,0,0,0,0,0,0,0,0,0,0,0,0,0,0,0,0,0,0,0,0,0,0,0,0,0,0,0,0,0,0,0,0,0,0,0,0,0,0,0,0,0,0,0,0,0,0,0,0,0,0,0,0,0,0,0,0,0,0,0,0,0,0,0,0,0,0,0,0,0,0,0,0,0,0,0,0,0,0,0,0,0,0,0,0,0,0,0,0,0,0,0,0,0,0,0,0,0,0,0,0,0,0,0,0,0,0,0,0,0,0,0,0,0,0,0,0,0,0,0,0,0,0,0,0,0,0,0,0,0,0,0,0,0,0,0,0,0,0,0,0,0,0,0,0,0,0,0,0,0,0,0,0,0,0,0,0,0,0,0,0,0,0,0,0,0,0,0,0,0,0,0,0,0,0,0,0,0,0,0,0,0,0,0,0,0,0,0,0,0,0,0,0,0,0,0,0,0,0,0,0,0,0,0,0,0,0,0,0,0,0,0,0,0,0,0,0,0,0,0,0,0,0,0,0,0,0,0,0,0,0,0,0,0,0,0,0,0,0,0,0,0,0,0,0,0,0,0,0,0,0,0,0,0,0,0,0,0,0,0,0,0,0,0,0,0,0,0,0,0,0,0,0,0,0,0,0,0,0,0,0,0,0,0,0,0,0,0,0,0,0,0,0,0,0,0,0,0,0,0,0,0,0,0,0,0,0,0,0,0,0,0,0,0,0,0,0,0,0,0,0,0,0,0,0,0,0,0,0,0,0,0,0,0,0,0,0,0,0,0,0,0,0,0,0,0,0,0,0,0,0,0,0,0,0,0,0,0,0,0,0,0,0,0,0,0,0,0,0,0,0,0,0,0,0,0,0,0,0,0,0,0,0,0,0,0,0,0,0,0,0,0,0,0,0,0,0,0,0,0,0,0,0,0,0,0,0,0,0,0,0,0,0,0,0,0,0,0,0,0,0,0,0,0,0,0,0,0,0,0,0,0,0,0,0,0,0,0,0,0,0,0,0,0,0,0,0,0,0,0,0,0,0,0,0,0,0,0,0,0,0,0,0,0,0,0,0,0,0,0,0,0,0,0,0,0,0,0,0,0,0,0,0,0,0,0,0,0,0,0,0,0,0,0,0,0,0,0,0,0,0,0,0,0,0,0,0,0,0,0,0,0,0,0,0,0,0,0,0,0,0,0,0,0,0,0,0,0,0,0,0,0,0,0,0,0,0,0,0,0,0,0,0,0,0,0,0,0,0,0,0,0,0,0,0,0,0,0,0,0,0,0,0,0,0,0,0,0,0,0,0,0,0,0,0,0,0,0,0,0,0,0,0,0,0,0,0,0,0,0,0,0,0,0,0,0,0,0,0,0,0,0,0,0,0,0,0,0,0,0,0,0,0,0,0,0,0,0,0,0,0,0,0,0,0,0,0,0,0,0,0,0,0,0,0,0,0,0,0,0,0,0,0,0,0,0,0,0,0,0,0,0,0,0,0,0,0,0,0,0,0,0,0,0,0,0,0,0,0,0,0,0,0,0,0,0,0,0,0,0,0,0,0,0,0,0,0,0,0,0,0,0,0,0,0,0,0,0,0,0,0,0,0,0,0,0,0,0,0,0,0,0,0,0,0,0,0,0,0,0,0,0,0,0,0,0,0,0,0,0,0,0,0,0,0,0,0,0,0,0,0,0,0,0,0,0,0,0,0,0,0,0,0,0,0,0,0,0,0,0,0,0,0,0,0,0,0,0,0,0,0,0,0,0,0,0,0,0,0,0,0,0,0,0,0,0,0,0,0,0,0,0,0,0,0,0,0,0,0,0,0,0,0,0,0,0,0,0,0,0,0,0,0,0,0,0,0,0,0,0,0,0,0,0,0,0,0,0,0,0,0,0,0,0,0,0,0,0,0,0,0,0,0,0,0,0,0,0,0,0,0,0,0,0,0,0,0,0,0,0,0,0,0,0,0,0,0,0,0,0,0,0,0,0,0,0,0,0,0,0,0,0,0,0,0,0,0,0,0,0,0,0,0,0,0,0,0,0,0,0",#N/A,#N/A
,13C3-Alanine,C3H7NO2,Quench QC,5.8,#N/A,#N/A,#N/A,#N/A,[M3C13+H],heavy,0,,,#N/A,#N/A,#N/A,,,#N/A,#N/A
QC-2_Blank-1_20241212_A_EC_JM-Breath-2_02.d,13C6-Leucine,C6H13NO2,Quench QC,6.5,#N/A,#N/A,#N/A,#N/A,[M6C13-H],heavy,0,,,#N/A,136.1075,902,"0.06,0.08,0.1,0.11,0.13,0.16,0.18,0.2,0.21,0.23,0.25,0.26,0.28,0.3,0.31,0.33,0.35,0.36,0.38,0.4,0.41,0.43,0.45,0.46,0.48,0.5,0.51,0.53,0.54,0.56,0.58,0.59,0.61,0.63,0.64,0.66,0.68,0.69,0.71,0.73,0.74,0.76,0.78,0.79,0.81,0.83,0.84,0.86,0.88,0.89,0.91,0.93,0.94,0.96,0.97,0.99,1.01,1.02,1.04,1.06,1.07,1.09,1.11,1.12,1.14,1.16,1.17,1.19,1.21,1.22,1.24,1.26,1.27,1.29,1.31,1.32,1.34,1.36,1.37,1.39,1.4,1.42,1.44,1.45,1.47,1.49,1.5,1.52,1.54,1.55,1.57,1.59,1.6,1.62,1.64,1.65,1.67,1.69,1.7,1.72,1.74,1.75,1.77,1.79,1.8,1.82,1.84,1.85,1.87,1.88,1.9,1.92,1.93,1.95,1.97,1.98,2,2.02,2.03,2.05,2.07,2.08,2.1,2.12,2.13,2.15,2.17,2.18,2.2,2.22,2.23,2.25,2.27,2.28,2.3,2.31,2.33,2.35,2.36,2.38,2.4,2.41,2.43,2.45,2.46,2.48,2.5,2.51,2.53,2.55,2.56,2.58,2.6,2.61,2.63,2.65,2.66,2.68,2.7,2.71,2.73,2.74,2.76,2.78,2.79,2.81,2.83,2.84,2.86,2.88,2.89,2.91,2.93,2.94,2.96,2.98,2.99,3.01,3.03,3.04,3.06,3.08,3.09,3.11,3.13,3.14,3.16,3.17,3.19,3.21,3.22,3.24,3.26,3.27,3.29,3.31,3.32,3.34,3.36,3.37,3.39,3.41,3.42,3.44,3.46,3.47,3.49,3.51,3.52,3.54,3.56,3.57,3.59,3.61,3.62,3.64,3.65,3.67,3.69,3.7,3.72,3.74,3.75,3.77,3.79,3.8,3.82,3.84,3.85,3.87,3.89,3.9,3.92,3.94,3.95,3.97,3.99,4,4.02,4.04,4.05,4.07,4.08,4.1,4.12,4.13,4.15,4.17,4.18,4.2,4.22,4.23,4.25,4.27,4.28,4.3,4.32,4.33,4.35,4.37,4.38,4.4,4.42,4.43,4.45,4.47,4.48,4.5,4.51,4.53,4.55,4.56,4.58,4.6,4.61,4.63,4.65,4.66,4.68,4.7,4.71,4.73,4.75,4.76,4.78,4.8,4.81,4.83,4.85,4.86,4.88,4.9,4.91,4.93,4.95,4.96,4.98,4.99,5.01,5.03,5.04,5.06,5.08,5.09,5.11,5.13,5.14,5.16,5.18,5.19,5.21,5.23,5.24,5.26,5.28,5.29,5.31,5.33,5.34,5.36,5.38,5.39,5.41,5.42,5.44,5.46,5.47,5.49,5.51,5.52,5.54,5.56,5.57,5.59,5.61,5.62,5.64,5.66,5.67,5.69,5.71,5.72,5.74,5.76,5.77,5.79,5.81,5.82,5.84,5.85,5.87,5.89,5.9,5.92,5.94,5.95,5.97,5.99,6,6.02,6.04,6.05,6.07,6.09,6.1,6.12,6.14,6.15,6.17,6.19,6.2,6.22,6.24,6.25,6.27,6.28,6.3,6.32,6.33,6.35,6.37,6.38,6.4,6.42,6.43,6.45,6.47,6.48,6.5,6.52,6.53,6.55,6.57,6.58,6.6,6.62,6.63,6.65,6.67,6.68,6.7,6.72,6.73,6.75,6.76,6.78,6.8,6.81,6.83,6.85,6.86,6.88,6.9,6.91,6.93,6.95,6.96,6.98,7,7.01,7.03,7.05,7.06,7.08,7.1,7.11,7.13,7.15,7.16,7.18,7.19,7.21,7.23,7.24,7.26,7.28,7.29,7.31,7.33,7.34,7.36,7.38,7.39,7.41,7.43,7.44,7.46,7.48,7.49,7.51,7.53,7.54,7.56,7.58,7.59,7.61,7.62,7.64,7.66,7.67,7.69,7.71,7.72,7.74,7.76,7.77,7.79,7.81,7.82,7.84,7.86,7.87,7.89,7.91,7.92,7.94,7.96,7.97,7.99,8.01,8.02,8.04,8.06,8.07,8.09,8.1,8.12,8.14,8.15,8.17,8.19,8.2,8.22,8.24,8.25,8.27,8.29,8.3,8.32,8.34,8.35,8.37,8.39,8.4,8.42,8.44,8.45,8.47,8.49,8.5,8.52,8.53,8.55,8.57,8.58,8.6,8.62,8.63,8.65,8.67,8.68,8.7,8.72,8.73,8.75,8.77,8.78,8.8,8.82,8.83,8.85,8.87,8.88,8.9,8.92,8.93,8.95,8.96,8.98,9,9.01,9.03,9.05,9.06,9.08,9.1,9.11,9.13,9.15,9.16,9.18,9.2,9.21,9.23,9.25,9.26,9.28,9.3,9.31,9.33,9.35,9.36,9.38,9.39,9.41,9.43,9.44,9.46,9.48,9.49,9.51,9.53,9.54,9.56,9.58,9.59,9.61,9.63,9.64,9.66,9.68,9.69,9.71,9.73,9.74,9.76,9.78,9.79,9.81,9.83,9.84,9.86,9.87,9.89,9.91,9.92,9.94,9.96,9.97,9.99,10.01,10.02,10.04,10.06,10.07,10.09,10.11,10.12,10.14,10.16,10.17,10.19,10.21,10.22,10.24,10.26,10.27,10.29,10.3,10.32,10.34,10.35,10.37,10.39,10.4,10.42,10.44,10.45,10.47,10.49,10.5,10.52,10.54,10.55,10.57,10.59,10.6,10.62,10.64,10.65,10.67,10.69,10.7,10.72,10.73,10.75,10.77,10.78,10.8,10.82,10.83,10.85,10.87,10.88,10.9,10.92,10.93,10.95,10.97,10.98,11,11.02,11.03,11.05,11.07,11.08,11.1,11.12,11.13,11.15,11.17,11.18,11.2,11.21,11.23,11.25,11.26,11.28,11.3,11.31,11.33,11.35,11.36,11.38,11.4,11.41,11.43,11.45,11.46,11.48,11.5,11.51,11.53,11.55,11.56,11.58,11.6,11.61,11.63,11.64,11.66,11.68,11.69,11.71,11.73,11.74,11.76,11.78,11.79,11.81,11.83,11.84,11.86,11.88,11.89,11.91,11.93,11.94,11.96,11.98,11.99,12.01,12.03,12.04,12.06,12.07,12.09,12.11,12.12,12.14,12.16,12.17,12.19,12.21,12.22,12.24,12.26,12.27,12.29,12.31,12.32,12.34,12.36,12.37,12.39,12.41,12.42,12.44,12.46,12.47,12.49,12.5,12.52,12.54,12.55,12.57,12.59,12.6,12.62,12.64,12.65,12.67,12.69,12.7,12.72,12.74,12.75,12.77,12.79,12.8,12.82,12.84,12.85,12.87,12.89,12.9,12.92,12.94,12.95,12.97,12.98,13,13.02,13.03,13.05,13.07,13.08,13.1,13.12,13.13,13.15,13.17,13.18,13.2,13.22,13.23,13.25,13.27,13.28,13.3,13.32,13.33,13.35,13.37,13.38,13.4,13.41,13.43,13.45,13.46,13.48,13.5,13.51,13.53,13.55,13.56,13.58,13.6,13.61,13.63,13.65,13.66,13.68,13.7,13.71,13.73,13.75,13.76,13.78,13.8,13.81,13.83,13.84,13.86,13.88,13.89,13.91,13.93,13.94,13.96,13.98,13.99,14.01,14.03,14.04,14.06,14.08,14.09,14.11,14.13,14.14,14.16,14.18,14.19,14.21,14.23,14.24,14.26,14.28,14.29,14.31,14.32,14.34,14.36,14.37,14.39,14.41,14.42,14.44,14.46,14.47,14.49,14.51,14.52,14.54,14.56,14.57,14.59,14.61,14.62,14.64,14.66,14.67,14.69,14.71,14.72,14.74,14.75,14.77,14.79,14.8,14.82,14.84,14.85,14.87,14.89,14.9,14.92,14.94,14.95,14.97,14.99","0,0,0,0,0,0,0,0,0,0,0,0,0,0,0,0,0,0,0,0,0,0,0,0,0,0,0,0,0,0,0,0,0,0,0,0,0,0,0,0,0,0,0,0,0,0,0,0,0,0,0,0,0,0,0,0,0,0,0,0,0,0,0,0,0,0,0,0,0,0,0,0,0,0,0,0,0,0,0,0,0,0,0,0,0,0,0,0,0,0,0,0,0,0,0,0,0,0,0,0,0,0,0,0,0,0,0,0,0,0,0,0,0,0,0,0,0,0,0,0,0,0,0,0,0,0,0,0,0,0,0,0,0,0,0,0,0,0,0,0,0,0,0,0,0,0,0,0,0,0,0,0,0,0,0,0,0,0,0,0,0,0,0,0,0,0,0,0,0,0,0,0,0,0,0,0,0,0,0,0,0,0,0,0,0,0,0,0,0,0,0,0,0,0,0,0,0,0,0,0,0,0,0,0,0,0,0,0,0,0,0,0,0,0,0,0,0,0,0,0,0,0,0,0,0,0,0,0,0,0,0,0,0,0,0,0,0,0,0,0,0,0,0,0,0,0,0,0,0,0,0,0,0,0,0,0,0,0,0,0,0,0,0,0,0,0,0,0,0,0,0,0,0,0,0,0,0,0,0,0,0,0,0,0,0,0,0,0,0,0,0,0,0,0,0,0,0,0,0,0,0,0,0,0,0,0,0,0,0,0,0,0,0,0,0,0,0,0,0,0,0,0,0,0,0,0,0,0,0,0,0,0,0,0,0,0,0,0,0,0,0,0,0,0,0,0,0,0,0,0,0,0,0,0,0,0,0,0,0,0,0,0,0,0,0,0,0,0,0,0,0,0,0,0,0,0,0,0,0,0,0,0,0,0,0,0,0,0,0,0,0,0,0,0,0,0,0,0,0,0,0,0,0,0,0,0,0,0,0,0,0,0,0,0,0,0,0,0,0,0,0,0,0,0,0,0,0,0,0,0,0,0,0,0,0,0,0,0,0,0,0,0,0,0,0,0,0,0,0,0,0,0,0,0,0,0,0,0,0,0,0,0,0,0,0,0,0,0,0,0,0,0,0,0,0,0,0,0,0,0,0,0,0,0,0,0,0,0,0,0,0,0,0,0,0,0,0,0,0,0,0,0,0,0,0,0,0,0,0,0,0,0,0,0,0,0,0,0,0,0,0,0,0,0,0,0,0,0,0,0,0,0,0,0,0,0,0,0,0,0,0,0,0,0,0,0,0,0,0,0,0,0,0,0,0,0,0,0,0,0,0,0,0,0,0,0,0,0,0,0,0,0,0,0,0,0,0,0,0,0,0,0,0,0,0,0,0,0,0,0,0,0,0,0,0,0,0,0,0,0,0,0,0,0,0,0,0,0,0,0,0,0,0,0,0,0,0,0,0,0,0,0,0,0,0,0,0,0,0,0,0,0,0,0,0,0,0,0,0,0,0,0,0,0,0,0,0,0,0,0,0,0,0,0,0,0,0,0,0,0,0,0,0,0,0,0,0,0,0,0,0,0,0,0,0,0,0,0,0,0,0,0,0,0,0,0,0,0,0,0,0,0,0,0,0,0,0,0,0,0,0,0,0,0,0,0,0,0,0,0,0,0,0,0,0,0,0,0,0,0,0,0,0,0,0,0,0,0,0,0,0,0,0,0,0,0,0,0,0,0,0,0,0,0,0,0,0,0,0,0,0,0,0,0,0,0,0,0,0,0,0,0,0,0,0,0,0,0,0,0,0,0,0,0,0,0,0,0,0,0,0,0,0,0,0,0,0,0,0,0,0,0,0,0,0,0,0,0,0,0,0,0,0,0,0,0,0,0,0,0,0,0,0,0,0,0,0,0,0,0,0,0,0,0,0,0,0,0,0,0,0,0,0,0,0,0,0,0,0,0,0,0,0,0,0,0,0,0,0,0,0,0,0,0,0,0,0,0,0,0,0,0,0,0,0,0,0,0,0,0,0,0,0,0,0,0,0,0,0,0,0,0,0,0,0,0,0,0,0,0,0,0,0,0,0,0,0,0,0,0,0,0",#N/A,#N/A
,13C6-Leucine,C6H13NO2,Quench QC,6.5,#N/A,#N/A,#N/A,#N/A,[M6C13+H],heavy,0,,,#N/A,#N/A,#N/A,,,#N/A,#N/A
QC-2_Blank-1_20241212_A_EC_JM-Breath-2_02.d,13C6-Phenylalanine,C9H11NO2,Quench QC,2.8,#N/A,#N/A,#N/A,#N/A,[M6C13-H],heavy,0,,,#N/A,170.0918,902,"0.06,0.08,0.1,0.11,0.13,0.16,0.18,0.2,0.21,0.23,0.25,0.26,0.28,0.3,0.31,0.33,0.35,0.36,0.38,0.4,0.41,0.43,0.45,0.46,0.48,0.5,0.51,0.53,0.54,0.56,0.58,0.59,0.61,0.63,0.64,0.66,0.68,0.69,0.71,0.73,0.74,0.76,0.78,0.79,0.81,0.83,0.84,0.86,0.88,0.89,0.91,0.93,0.94,0.96,0.97,0.99,1.01,1.02,1.04,1.06,1.07,1.09,1.11,1.12,1.14,1.16,1.17,1.19,1.21,1.22,1.24,1.26,1.27,1.29,1.31,1.32,1.34,1.36,1.37,1.39,1.4,1.42,1.44,1.45,1.47,1.49,1.5,1.52,1.54,1.55,1.57,1.59,1.6,1.62,1.64,1.65,1.67,1.69,1.7,1.72,1.74,1.75,1.77,1.79,1.8,1.82,1.84,1.85,1.87,1.88,1.9,1.92,1.93,1.95,1.97,1.98,2,2.02,2.03,2.05,2.07,2.08,2.1,2.12,2.13,2.15,2.17,2.18,2.2,2.22,2.23,2.25,2.27,2.28,2.3,2.31,2.33,2.35,2.36,2.38,2.4,2.41,2.43,2.45,2.46,2.48,2.5,2.51,2.53,2.55,2.56,2.58,2.6,2.61,2.63,2.65,2.66,2.68,2.7,2.71,2.73,2.74,2.76,2.78,2.79,2.81,2.83,2.84,2.86,2.88,2.89,2.91,2.93,2.94,2.96,2.98,2.99,3.01,3.03,3.04,3.06,3.08,3.09,3.11,3.13,3.14,3.16,3.17,3.19,3.21,3.22,3.24,3.26,3.27,3.29,3.31,3.32,3.34,3.36,3.37,3.39,3.41,3.42,3.44,3.46,3.47,3.49,3.51,3.52,3.54,3.56,3.57,3.59,3.61,3.62,3.64,3.65,3.67,3.69,3.7,3.72,3.74,3.75,3.77,3.79,3.8,3.82,3.84,3.85,3.87,3.89,3.9,3.92,3.94,3.95,3.97,3.99,4,4.02,4.04,4.05,4.07,4.08,4.1,4.12,4.13,4.15,4.17,4.18,4.2,4.22,4.23,4.25,4.27,4.28,4.3,4.32,4.33,4.35,4.37,4.38,4.4,4.42,4.43,4.45,4.47,4.48,4.5,4.51,4.53,4.55,4.56,4.58,4.6,4.61,4.63,4.65,4.66,4.68,4.7,4.71,4.73,4.75,4.76,4.78,4.8,4.81,4.83,4.85,4.86,4.88,4.9,4.91,4.93,4.95,4.96,4.98,4.99,5.01,5.03,5.04,5.06,5.08,5.09,5.11,5.13,5.14,5.16,5.18,5.19,5.21,5.23,5.24,5.26,5.28,5.29,5.31,5.33,5.34,5.36,5.38,5.39,5.41,5.42,5.44,5.46,5.47,5.49,5.51,5.52,5.54,5.56,5.57,5.59,5.61,5.62,5.64,5.66,5.67,5.69,5.71,5.72,5.74,5.76,5.77,5.79,5.81,5.82,5.84,5.85,5.87,5.89,5.9,5.92,5.94,5.95,5.97,5.99,6,6.02,6.04,6.05,6.07,6.09,6.1,6.12,6.14,6.15,6.17,6.19,6.2,6.22,6.24,6.25,6.27,6.28,6.3,6.32,6.33,6.35,6.37,6.38,6.4,6.42,6.43,6.45,6.47,6.48,6.5,6.52,6.53,6.55,6.57,6.58,6.6,6.62,6.63,6.65,6.67,6.68,6.7,6.72,6.73,6.75,6.76,6.78,6.8,6.81,6.83,6.85,6.86,6.88,6.9,6.91,6.93,6.95,6.96,6.98,7,7.01,7.03,7.05,7.06,7.08,7.1,7.11,7.13,7.15,7.16,7.18,7.19,7.21,7.23,7.24,7.26,7.28,7.29,7.31,7.33,7.34,7.36,7.38,7.39,7.41,7.43,7.44,7.46,7.48,7.49,7.51,7.53,7.54,7.56,7.58,7.59,7.61,7.62,7.64,7.66,7.67,7.69,7.71,7.72,7.74,7.76,7.77,7.79,7.81,7.82,7.84,7.86,7.87,7.89,7.91,7.92,7.94,7.96,7.97,7.99,8.01,8.02,8.04,8.06,8.07,8.09,8.1,8.12,8.14,8.15,8.17,8.19,8.2,8.22,8.24,8.25,8.27,8.29,8.3,8.32,8.34,8.35,8.37,8.39,8.4,8.42,8.44,8.45,8.47,8.49,8.5,8.52,8.53,8.55,8.57,8.58,8.6,8.62,8.63,8.65,8.67,8.68,8.7,8.72,8.73,8.75,8.77,8.78,8.8,8.82,8.83,8.85,8.87,8.88,8.9,8.92,8.93,8.95,8.96,8.98,9,9.01,9.03,9.05,9.06,9.08,9.1,9.11,9.13,9.15,9.16,9.18,9.2,9.21,9.23,9.25,9.26,9.28,9.3,9.31,9.33,9.35,9.36,9.38,9.39,9.41,9.43,9.44,9.46,9.48,9.49,9.51,9.53,9.54,9.56,9.58,9.59,9.61,9.63,9.64,9.66,9.68,9.69,9.71,9.73,9.74,9.76,9.78,9.79,9.81,9.83,9.84,9.86,9.87,9.89,9.91,9.92,9.94,9.96,9.97,9.99,10.01,10.02,10.04,10.06,10.07,10.09,10.11,10.12,10.14,10.16,10.17,10.19,10.21,10.22,10.24,10.26,10.27,10.29,10.3,10.32,10.34,10.35,10.37,10.39,10.4,10.42,10.44,10.45,10.47,10.49,10.5,10.52,10.54,10.55,10.57,10.59,10.6,10.62,10.64,10.65,10.67,10.69,10.7,10.72,10.73,10.75,10.77,10.78,10.8,10.82,10.83,10.85,10.87,10.88,10.9,10.92,10.93,10.95,10.97,10.98,11,11.02,11.03,11.05,11.07,11.08,11.1,11.12,11.13,11.15,11.17,11.18,11.2,11.21,11.23,11.25,11.26,11.28,11.3,11.31,11.33,11.35,11.36,11.38,11.4,11.41,11.43,11.45,11.46,11.48,11.5,11.51,11.53,11.55,11.56,11.58,11.6,11.61,11.63,11.64,11.66,11.68,11.69,11.71,11.73,11.74,11.76,11.78,11.79,11.81,11.83,11.84,11.86,11.88,11.89,11.91,11.93,11.94,11.96,11.98,11.99,12.01,12.03,12.04,12.06,12.07,12.09,12.11,12.12,12.14,12.16,12.17,12.19,12.21,12.22,12.24,12.26,12.27,12.29,12.31,12.32,12.34,12.36,12.37,12.39,12.41,12.42,12.44,12.46,12.47,12.49,12.5,12.52,12.54,12.55,12.57,12.59,12.6,12.62,12.64,12.65,12.67,12.69,12.7,12.72,12.74,12.75,12.77,12.79,12.8,12.82,12.84,12.85,12.87,12.89,12.9,12.92,12.94,12.95,12.97,12.98,13,13.02,13.03,13.05,13.07,13.08,13.1,13.12,13.13,13.15,13.17,13.18,13.2,13.22,13.23,13.25,13.27,13.28,13.3,13.32,13.33,13.35,13.37,13.38,13.4,13.41,13.43,13.45,13.46,13.48,13.5,13.51,13.53,13.55,13.56,13.58,13.6,13.61,13.63,13.65,13.66,13.68,13.7,13.71,13.73,13.75,13.76,13.78,13.8,13.81,13.83,13.84,13.86,13.88,13.89,13.91,13.93,13.94,13.96,13.98,13.99,14.01,14.03,14.04,14.06,14.08,14.09,14.11,14.13,14.14,14.16,14.18,14.19,14.21,14.23,14.24,14.26,14.28,14.29,14.31,14.32,14.34,14.36,14.37,14.39,14.41,14.42,14.44,14.46,14.47,14.49,14.51,14.52,14.54,14.56,14.57,14.59,14.61,14.62,14.64,14.66,14.67,14.69,14.71,14.72,14.74,14.75,14.77,14.79,14.8,14.82,14.84,14.85,14.87,14.89,14.9,14.92,14.94,14.95,14.97,14.99","0,0,0,0,0,0,0,0,0,0,0,0,0,0,0,0,0,0,0,0,0,0,0,0,0,0,0,0,0,0,0,0,0,0,0,0,0,0,0,0,0,0,0,0,0,0,0,0,0,0,0,0,0,0,0,0,0,0,0,0,0,0,0,0,0,0,0,0,0,0,0,0,0,0,0,0,0,0,0,0,0,0,0,0,0,0,0,0,0,0,0,0,0,0,0,0,0,0,0,0,0,0,0,0,0,0,0,0,0,0,0,0,0,0,0,0,0,0,0,0,0,0,0,0,0,0,0,0,0,0,0,0,0,0,0,0,0,0,0,0,0,0,0,0,0,0,0,0,0,0,0,0,0,0,0,0,0,0,0,0,0,0,0,0,0,0,0,0,0,0,0,0,0,0,0,0,0,0,0,0,0,0,0,0,0,0,0,0,0,0,0,0,0,0,0,0,0,0,0,0,0,0,0,0,0,0,0,0,0,0,0,0,0,0,0,0,0,0,0,0,0,0,0,0,0,0,0,0,0,0,0,0,0,0,0,0,0,0,0,0,0,0,0,0,0,0,0,0,0,0,0,0,0,0,0,0,0,0,0,0,0,0,0,0,0,0,0,0,0,0,0,0,0,0,0,0,0,0,0,0,0,0,0,0,0,0,0,0,0,0,0,0,0,0,0,0,0,0,0,0,0,0,0,0,0,0,0,0,0,0,0,0,0,0,0,0,0,0,0,0,0,0,0,0,0,0,0,0,0,0,0,0,0,0,0,0,0,0,0,0,0,0,0,0,0,0,0,0,0,0,0,0,0,0,0,0,0,0,0,0,0,0,0,0,0,0,0,0,0,0,0,0,0,0,0,0,0,0,0,0,0,0,0,0,0,0,0,0,0,0,0,0,0,0,0,0,0,0,0,0,0,0,0,0,0,0,0,0,0,0,0,0,0,0,0,0,0,0,0,0,0,0,0,0,0,0,0,0,0,0,0,0,0,0,0,0,0,0,0,0,0,0,0,0,0,0,0,0,0,0,0,0,0,0,0,0,0,0,0,0,0,0,0,0,0,0,0,0,0,0,0,0,0,0,0,0,0,0,0,0,0,0,0,0,0,0,0,0,0,0,0,0,0,0,0,0,0,0,0,0,0,0,0,0,0,0,0,0,0,0,0,0,0,0,0,0,0,0,0,0,0,0,0,0,0,0,0,0,0,0,0,0,0,0,0,0,0,0,0,0,0,0,0,0,0,0,0,0,0,0,0,0,0,0,0,0,0,0,0,0,0,0,0,0,0,0,0,0,0,0,0,0,0,0,0,0,0,0,0,0,0,0,0,0,0,0,0,0,0,0,0,0,0,0,0,0,0,0,0,0,0,0,0,0,0,0,0,0,0,0,0,0,0,0,0,0,0,0,0,0,0,0,0,0,0,0,0,0,0,0,0,0,0,0,0,0,0,0,0,0,0,0,0,0,0,0,0,0,0,0,0,0,0,0,0,0,0,0,0,0,0,0,0,0,0,0,0,0,0,0,0,0,0,0,0,0,0,0,0,0,0,0,0,0,0,0,0,0,0,0,0,0,0,0,0,0,0,0,0,0,0,0,0,0,0,0,0,0,0,0,0,0,0,0,0,0,0,0,0,0,0,0,0,0,0,0,0,0,0,0,0,0,0,0,0,0,0,0,0,0,0,0,0,0,0,0,0,0,0,0,0,0,0,0,0,0,0,0,0,0,0,0,0,0,0,0,0,0,0,0,0,0,0,0,0,0,0,0,0,0,0,0,0,0,0,0,0,0,0,0,0,0,0,0,0,0,0,0,0,0,0,0,0,0,0,0,0,0,0,0,0,0,0,0,0,0,0,0,0,0,0,0,0,0,0,0,0,0,0,0,0,0,0,0,0,0,0,0,0,0,0,0,0,0,0,0,0,0,0,0,0,0,0,0,0,0,0,0,0,0,0,0,0,0,0,0,0,0,0,0,0,0,0,0,0,0,0,0,0,0,0,0,0,0,0,0,0,0,0,0,0,0,0,0,0,0,0,0,0,0,0,0",#N/A,#N/A
,13C6-Phenylalanine,C9H11NO2,Quench QC,2.8,#N/A,#N/A,#N/A,#N/A,[M6C13+H],heavy,0,,,#N/A,#N/A,#N/A,,,#N/A,#N/A
QC-2_Blank-1_20241212_A_EC_JM-Breath-2_02.d,13C6-Tyrosine,C9H11NO3,Quench QC,4.8,#N/A,#N/A,#N/A,#N/A,[M6C13-H],heavy,0,,,#N/A,186.0867,902,"0.06,0.08,0.1,0.11,0.13,0.16,0.18,0.2,0.21,0.23,0.25,0.26,0.28,0.3,0.31,0.33,0.35,0.36,0.38,0.4,0.41,0.43,0.45,0.46,0.48,0.5,0.51,0.53,0.54,0.56,0.58,0.59,0.61,0.63,0.64,0.66,0.68,0.69,0.71,0.73,0.74,0.76,0.78,0.79,0.81,0.83,0.84,0.86,0.88,0.89,0.91,0.93,0.94,0.96,0.97,0.99,1.01,1.02,1.04,1.06,1.07,1.09,1.11,1.12,1.14,1.16,1.17,1.19,1.21,1.22,1.24,1.26,1.27,1.29,1.31,1.32,1.34,1.36,1.37,1.39,1.4,1.42,1.44,1.45,1.47,1.49,1.5,1.52,1.54,1.55,1.57,1.59,1.6,1.62,1.64,1.65,1.67,1.69,1.7,1.72,1.74,1.75,1.77,1.79,1.8,1.82,1.84,1.85,1.87,1.88,1.9,1.92,1.93,1.95,1.97,1.98,2,2.02,2.03,2.05,2.07,2.08,2.1,2.12,2.13,2.15,2.17,2.18,2.2,2.22,2.23,2.25,2.27,2.28,2.3,2.31,2.33,2.35,2.36,2.38,2.4,2.41,2.43,2.45,2.46,2.48,2.5,2.51,2.53,2.55,2.56,2.58,2.6,2.61,2.63,2.65,2.66,2.68,2.7,2.71,2.73,2.74,2.76,2.78,2.79,2.81,2.83,2.84,2.86,2.88,2.89,2.91,2.93,2.94,2.96,2.98,2.99,3.01,3.03,3.04,3.06,3.08,3.09,3.11,3.13,3.14,3.16,3.17,3.19,3.21,3.22,3.24,3.26,3.27,3.29,3.31,3.32,3.34,3.36,3.37,3.39,3.41,3.42,3.44,3.46,3.47,3.49,3.51,3.52,3.54,3.56,3.57,3.59,3.61,3.62,3.64,3.65,3.67,3.69,3.7,3.72,3.74,3.75,3.77,3.79,3.8,3.82,3.84,3.85,3.87,3.89,3.9,3.92,3.94,3.95,3.97,3.99,4,4.02,4.04,4.05,4.07,4.08,4.1,4.12,4.13,4.15,4.17,4.18,4.2,4.22,4.23,4.25,4.27,4.28,4.3,4.32,4.33,4.35,4.37,4.38,4.4,4.42,4.43,4.45,4.47,4.48,4.5,4.51,4.53,4.55,4.56,4.58,4.6,4.61,4.63,4.65,4.66,4.68,4.7,4.71,4.73,4.75,4.76,4.78,4.8,4.81,4.83,4.85,4.86,4.88,4.9,4.91,4.93,4.95,4.96,4.98,4.99,5.01,5.03,5.04,5.06,5.08,5.09,5.11,5.13,5.14,5.16,5.18,5.19,5.21,5.23,5.24,5.26,5.28,5.29,5.31,5.33,5.34,5.36,5.38,5.39,5.41,5.42,5.44,5.46,5.47,5.49,5.51,5.52,5.54,5.56,5.57,5.59,5.61,5.62,5.64,5.66,5.67,5.69,5.71,5.72,5.74,5.76,5.77,5.79,5.81,5.82,5.84,5.85,5.87,5.89,5.9,5.92,5.94,5.95,5.97,5.99,6,6.02,6.04,6.05,6.07,6.09,6.1,6.12,6.14,6.15,6.17,6.19,6.2,6.22,6.24,6.25,6.27,6.28,6.3,6.32,6.33,6.35,6.37,6.38,6.4,6.42,6.43,6.45,6.47,6.48,6.5,6.52,6.53,6.55,6.57,6.58,6.6,6.62,6.63,6.65,6.67,6.68,6.7,6.72,6.73,6.75,6.76,6.78,6.8,6.81,6.83,6.85,6.86,6.88,6.9,6.91,6.93,6.95,6.96,6.98,7,7.01,7.03,7.05,7.06,7.08,7.1,7.11,7.13,7.15,7.16,7.18,7.19,7.21,7.23,7.24,7.26,7.28,7.29,7.31,7.33,7.34,7.36,7.38,7.39,7.41,7.43,7.44,7.46,7.48,7.49,7.51,7.53,7.54,7.56,7.58,7.59,7.61,7.62,7.64,7.66,7.67,7.69,7.71,7.72,7.74,7.76,7.77,7.79,7.81,7.82,7.84,7.86,7.87,7.89,7.91,7.92,7.94,7.96,7.97,7.99,8.01,8.02,8.04,8.06,8.07,8.09,8.1,8.12,8.14,8.15,8.17,8.19,8.2,8.22,8.24,8.25,8.27,8.29,8.3,8.32,8.34,8.35,8.37,8.39,8.4,8.42,8.44,8.45,8.47,8.49,8.5,8.52,8.53,8.55,8.57,8.58,8.6,8.62,8.63,8.65,8.67,8.68,8.7,8.72,8.73,8.75,8.77,8.78,8.8,8.82,8.83,8.85,8.87,8.88,8.9,8.92,8.93,8.95,8.96,8.98,9,9.01,9.03,9.05,9.06,9.08,9.1,9.11,9.13,9.15,9.16,9.18,9.2,9.21,9.23,9.25,9.26,9.28,9.3,9.31,9.33,9.35,9.36,9.38,9.39,9.41,9.43,9.44,9.46,9.48,9.49,9.51,9.53,9.54,9.56,9.58,9.59,9.61,9.63,9.64,9.66,9.68,9.69,9.71,9.73,9.74,9.76,9.78,9.79,9.81,9.83,9.84,9.86,9.87,9.89,9.91,9.92,9.94,9.96,9.97,9.99,10.01,10.02,10.04,10.06,10.07,10.09,10.11,10.12,10.14,10.16,10.17,10.19,10.21,10.22,10.24,10.26,10.27,10.29,10.3,10.32,10.34,10.35,10.37,10.39,10.4,10.42,10.44,10.45,10.47,10.49,10.5,10.52,10.54,10.55,10.57,10.59,10.6,10.62,10.64,10.65,10.67,10.69,10.7,10.72,10.73,10.75,10.77,10.78,10.8,10.82,10.83,10.85,10.87,10.88,10.9,10.92,10.93,10.95,10.97,10.98,11,11.02,11.03,11.05,11.07,11.08,11.1,11.12,11.13,11.15,11.17,11.18,11.2,11.21,11.23,11.25,11.26,11.28,11.3,11.31,11.33,11.35,11.36,11.38,11.4,11.41,11.43,11.45,11.46,11.48,11.5,11.51,11.53,11.55,11.56,11.58,11.6,11.61,11.63,11.64,11.66,11.68,11.69,11.71,11.73,11.74,11.76,11.78,11.79,11.81,11.83,11.84,11.86,11.88,11.89,11.91,11.93,11.94,11.96,11.98,11.99,12.01,12.03,12.04,12.06,12.07,12.09,12.11,12.12,12.14,12.16,12.17,12.19,12.21,12.22,12.24,12.26,12.27,12.29,12.31,12.32,12.34,12.36,12.37,12.39,12.41,12.42,12.44,12.46,12.47,12.49,12.5,12.52,12.54,12.55,12.57,12.59,12.6,12.62,12.64,12.65,12.67,12.69,12.7,12.72,12.74,12.75,12.77,12.79,12.8,12.82,12.84,12.85,12.87,12.89,12.9,12.92,12.94,12.95,12.97,12.98,13,13.02,13.03,13.05,13.07,13.08,13.1,13.12,13.13,13.15,13.17,13.18,13.2,13.22,13.23,13.25,13.27,13.28,13.3,13.32,13.33,13.35,13.37,13.38,13.4,13.41,13.43,13.45,13.46,13.48,13.5,13.51,13.53,13.55,13.56,13.58,13.6,13.61,13.63,13.65,13.66,13.68,13.7,13.71,13.73,13.75,13.76,13.78,13.8,13.81,13.83,13.84,13.86,13.88,13.89,13.91,13.93,13.94,13.96,13.98,13.99,14.01,14.03,14.04,14.06,14.08,14.09,14.11,14.13,14.14,14.16,14.18,14.19,14.21,14.23,14.24,14.26,14.28,14.29,14.31,14.32,14.34,14.36,14.37,14.39,14.41,14.42,14.44,14.46,14.47,14.49,14.51,14.52,14.54,14.56,14.57,14.59,14.61,14.62,14.64,14.66,14.67,14.69,14.71,14.72,14.74,14.75,14.77,14.79,14.8,14.82,14.84,14.85,14.87,14.89,14.9,14.92,14.94,14.95,14.97,14.99","0,0,0,0,0,0,0,0,0,0,0,0,0,0,0,0,0,0,0,0,0,0,0,0,0,0,0,0,0,0,0,0,0,0,0,0,0,0,0,0,0,0,0,0,0,0,0,0,0,0,0,0,0,0,0,0,0,0,0,0,0,0,0,0,0,0,0,0,0,0,0,0,0,0,0,0,0,0,0,0,0,0,0,0,0,0,0,0,0,0,0,0,0,0,0,0,0,0,0,0,0,0,0,0,0,0,0,0,0,0,0,0,0,0,0,0,0,0,0,0,0,0,0,0,0,0,0,0,0,0,0,0,0,0,0,0,0,0,0,0,0,0,0,0,0,0,0,0,0,0,0,0,0,0,0,0,0,0,0,0,0,0,0,0,0,0,0,0,0,0,0,0,0,0,0,0,0,0,0,0,0,0,0,0,0,0,0,0,0,0,0,0,0,0,0,0,0,0,0,0,0,0,0,0,0,0,0,0,0,0,0,0,0,0,0,0,0,0,0,0,0,0,0,0,0,0,0,0,0,0,0,0,0,0,0,0,0,0,0,0,0,0,0,0,0,0,0,0,0,0,0,0,0,0,0,0,0,0,0,0,0,0,0,0,0,0,0,0,0,0,0,0,0,0,0,0,0,0,0,0,0,0,0,0,0,0,0,0,0,0,0,0,0,0,0,0,0,0,0,0,0,0,0,0,0,0,0,0,0,0,0,0,0,0,0,0,0,0,0,0,0,0,0,0,0,0,0,0,0,0,0,0,0,0,0,0,0,0,0,0,0,0,0,0,0,0,0,0,0,0,0,0,0,0,0,0,0,0,0,0,0,0,0,0,0,0,0,0,0,0,0,0,0,0,0,0,0,0,0,0,0,0,0,0,0,0,0,0,0,0,0,0,0,0,0,0,0,0,0,0,0,0,0,0,0,0,0,0,0,0,0,0,0,0,0,0,0,0,0,0,0,0,0,0,0,0,0,0,0,0,0,0,0,0,0,0,0,0,0,0,0,0,0,0,0,0,0,0,0,0,0,0,0,0,0,0,0,0,0,0,0,0,0,0,0,0,0,0,0,0,0,0,0,0,0,0,0,0,0,0,0,0,0,0,0,0,0,0,0,0,0,0,0,0,0,0,0,0,0,0,0,0,0,0,0,0,0,0,0,0,0,0,0,0,0,0,0,0,0,0,0,0,0,0,0,0,0,0,0,0,0,0,0,0,0,0,0,0,0,0,0,0,0,0,0,0,0,0,0,0,0,0,0,0,0,0,0,0,0,0,0,0,0,0,0,0,0,0,0,0,0,0,0,0,0,0,0,0,0,0,0,0,0,0,0,0,0,0,0,0,0,0,0,0,0,0,0,0,0,0,0,0,0,0,0,0,0,0,0,0,0,0,0,0,0,0,0,0,0,0,0,0,0,0,0,0,0,0,0,0,0,0,0,0,0,0,0,0,0,0,0,0,0,0,0,0,0,0,0,0,0,0,0,0,0,0,0,0,0,0,0,0,0,0,0,0,0,0,0,0,0,0,0,0,0,0,0,0,0,0,0,0,0,0,0,0,0,0,0,0,0,0,0,0,0,0,0,0,0,0,0,0,0,0,0,0,0,0,0,0,0,0,0,0,0,0,0,0,0,0,0,0,0,0,0,0,0,0,0,0,0,0,0,0,0,0,0,0,0,0,0,0,0,0,0,0,0,0,0,0,0,0,0,0,0,0,0,0,0,0,0,0,0,0,0,0,0,0,0,0,0,0,0,0,0,0,0,0,0,0,0,0,0,0,0,0,0,0,0,0,0,0,0,0,0,0,0,0,0,0,0,0,0,0,0,0,0,0,0,0,0,0,0,0,0,0,0,0,0,0,0,0,0,0,0,0,0,0,0,0,0,0,0,0,0,0,0,0,0,0,0,0,0,0,0,0,0,0,0,0,0,0,0,0,0,0,0,0,0,0,0,0,0,0,0,0,0,0,0,0,0,0,0,0,0,0,0,0,0,0,0,0,0,0,0,0,0,0,0,0,0,0,0,0,0,0,0,0,0,0,0,0",#N/A,#N/A
,13C6-Tyrosine,C9H11NO3,Quench QC,4.8,#N/A,#N/A,#N/A,#N/A,[M6C13+H],heavy,0,,,#N/A,#N/A,#N/A,,,#N/A,#N/A
QC-2_Blank-1_20241212_A_EC_JM-Breath-2_02.d,13C11-Tryptophan,C11H12N2O2,Quench QC,3.5,#N/A,#N/A,#N/A,#N/A,[M11C13-H],heavy,0,,,#N/A,214.1195,902,"0.06,0.08,0.1,0.11,0.13,0.16,0.18,0.2,0.21,0.23,0.25,0.26,0.28,0.3,0.31,0.33,0.35,0.36,0.38,0.4,0.41,0.43,0.45,0.46,0.48,0.5,0.51,0.53,0.54,0.56,0.58,0.59,0.61,0.63,0.64,0.66,0.68,0.69,0.71,0.73,0.74,0.76,0.78,0.79,0.81,0.83,0.84,0.86,0.88,0.89,0.91,0.93,0.94,0.96,0.97,0.99,1.01,1.02,1.04,1.06,1.07,1.09,1.11,1.12,1.14,1.16,1.17,1.19,1.21,1.22,1.24,1.26,1.27,1.29,1.31,1.32,1.34,1.36,1.37,1.39,1.4,1.42,1.44,1.45,1.47,1.49,1.5,1.52,1.54,1.55,1.57,1.59,1.6,1.62,1.64,1.65,1.67,1.69,1.7,1.72,1.74,1.75,1.77,1.79,1.8,1.82,1.84,1.85,1.87,1.88,1.9,1.92,1.93,1.95,1.97,1.98,2,2.02,2.03,2.05,2.07,2.08,2.1,2.12,2.13,2.15,2.17,2.18,2.2,2.22,2.23,2.25,2.27,2.28,2.3,2.31,2.33,2.35,2.36,2.38,2.4,2.41,2.43,2.45,2.46,2.48,2.5,2.51,2.53,2.55,2.56,2.58,2.6,2.61,2.63,2.65,2.66,2.68,2.7,2.71,2.73,2.74,2.76,2.78,2.79,2.81,2.83,2.84,2.86,2.88,2.89,2.91,2.93,2.94,2.96,2.98,2.99,3.01,3.03,3.04,3.06,3.08,3.09,3.11,3.13,3.14,3.16,3.17,3.19,3.21,3.22,3.24,3.26,3.27,3.29,3.31,3.32,3.34,3.36,3.37,3.39,3.41,3.42,3.44,3.46,3.47,3.49,3.51,3.52,3.54,3.56,3.57,3.59,3.61,3.62,3.64,3.65,3.67,3.69,3.7,3.72,3.74,3.75,3.77,3.79,3.8,3.82,3.84,3.85,3.87,3.89,3.9,3.92,3.94,3.95,3.97,3.99,4,4.02,4.04,4.05,4.07,4.08,4.1,4.12,4.13,4.15,4.17,4.18,4.2,4.22,4.23,4.25,4.27,4.28,4.3,4.32,4.33,4.35,4.37,4.38,4.4,4.42,4.43,4.45,4.47,4.48,4.5,4.51,4.53,4.55,4.56,4.58,4.6,4.61,4.63,4.65,4.66,4.68,4.7,4.71,4.73,4.75,4.76,4.78,4.8,4.81,4.83,4.85,4.86,4.88,4.9,4.91,4.93,4.95,4.96,4.98,4.99,5.01,5.03,5.04,5.06,5.08,5.09,5.11,5.13,5.14,5.16,5.18,5.19,5.21,5.23,5.24,5.26,5.28,5.29,5.31,5.33,5.34,5.36,5.38,5.39,5.41,5.42,5.44,5.46,5.47,5.49,5.51,5.52,5.54,5.56,5.57,5.59,5.61,5.62,5.64,5.66,5.67,5.69,5.71,5.72,5.74,5.76,5.77,5.79,5.81,5.82,5.84,5.85,5.87,5.89,5.9,5.92,5.94,5.95,5.97,5.99,6,6.02,6.04,6.05,6.07,6.09,6.1,6.12,6.14,6.15,6.17,6.19,6.2,6.22,6.24,6.25,6.27,6.28,6.3,6.32,6.33,6.35,6.37,6.38,6.4,6.42,6.43,6.45,6.47,6.48,6.5,6.52,6.53,6.55,6.57,6.58,6.6,6.62,6.63,6.65,6.67,6.68,6.7,6.72,6.73,6.75,6.76,6.78,6.8,6.81,6.83,6.85,6.86,6.88,6.9,6.91,6.93,6.95,6.96,6.98,7,7.01,7.03,7.05,7.06,7.08,7.1,7.11,7.13,7.15,7.16,7.18,7.19,7.21,7.23,7.24,7.26,7.28,7.29,7.31,7.33,7.34,7.36,7.38,7.39,7.41,7.43,7.44,7.46,7.48,7.49,7.51,7.53,7.54,7.56,7.58,7.59,7.61,7.62,7.64,7.66,7.67,7.69,7.71,7.72,7.74,7.76,7.77,7.79,7.81,7.82,7.84,7.86,7.87,7.89,7.91,7.92,7.94,7.96,7.97,7.99,8.01,8.02,8.04,8.06,8.07,8.09,8.1,8.12,8.14,8.15,8.17,8.19,8.2,8.22,8.24,8.25,8.27,8.29,8.3,8.32,8.34,8.35,8.37,8.39,8.4,8.42,8.44,8.45,8.47,8.49,8.5,8.52,8.53,8.55,8.57,8.58,8.6,8.62,8.63,8.65,8.67,8.68,8.7,8.72,8.73,8.75,8.77,8.78,8.8,8.82,8.83,8.85,8.87,8.88,8.9,8.92,8.93,8.95,8.96,8.98,9,9.01,9.03,9.05,9.06,9.08,9.1,9.11,9.13,9.15,9.16,9.18,9.2,9.21,9.23,9.25,9.26,9.28,9.3,9.31,9.33,9.35,9.36,9.38,9.39,9.41,9.43,9.44,9.46,9.48,9.49,9.51,9.53,9.54,9.56,9.58,9.59,9.61,9.63,9.64,9.66,9.68,9.69,9.71,9.73,9.74,9.76,9.78,9.79,9.81,9.83,9.84,9.86,9.87,9.89,9.91,9.92,9.94,9.96,9.97,9.99,10.01,10.02,10.04,10.06,10.07,10.09,10.11,10.12,10.14,10.16,10.17,10.19,10.21,10.22,10.24,10.26,10.27,10.29,10.3,10.32,10.34,10.35,10.37,10.39,10.4,10.42,10.44,10.45,10.47,10.49,10.5,10.52,10.54,10.55,10.57,10.59,10.6,10.62,10.64,10.65,10.67,10.69,10.7,10.72,10.73,10.75,10.77,10.78,10.8,10.82,10.83,10.85,10.87,10.88,10.9,10.92,10.93,10.95,10.97,10.98,11,11.02,11.03,11.05,11.07,11.08,11.1,11.12,11.13,11.15,11.17,11.18,11.2,11.21,11.23,11.25,11.26,11.28,11.3,11.31,11.33,11.35,11.36,11.38,11.4,11.41,11.43,11.45,11.46,11.48,11.5,11.51,11.53,11.55,11.56,11.58,11.6,11.61,11.63,11.64,11.66,11.68,11.69,11.71,11.73,11.74,11.76,11.78,11.79,11.81,11.83,11.84,11.86,11.88,11.89,11.91,11.93,11.94,11.96,11.98,11.99,12.01,12.03,12.04,12.06,12.07,12.09,12.11,12.12,12.14,12.16,12.17,12.19,12.21,12.22,12.24,12.26,12.27,12.29,12.31,12.32,12.34,12.36,12.37,12.39,12.41,12.42,12.44,12.46,12.47,12.49,12.5,12.52,12.54,12.55,12.57,12.59,12.6,12.62,12.64,12.65,12.67,12.69,12.7,12.72,12.74,12.75,12.77,12.79,12.8,12.82,12.84,12.85,12.87,12.89,12.9,12.92,12.94,12.95,12.97,12.98,13,13.02,13.03,13.05,13.07,13.08,13.1,13.12,13.13,13.15,13.17,13.18,13.2,13.22,13.23,13.25,13.27,13.28,13.3,13.32,13.33,13.35,13.37,13.38,13.4,13.41,13.43,13.45,13.46,13.48,13.5,13.51,13.53,13.55,13.56,13.58,13.6,13.61,13.63,13.65,13.66,13.68,13.7,13.71,13.73,13.75,13.76,13.78,13.8,13.81,13.83,13.84,13.86,13.88,13.89,13.91,13.93,13.94,13.96,13.98,13.99,14.01,14.03,14.04,14.06,14.08,14.09,14.11,14.13,14.14,14.16,14.18,14.19,14.21,14.23,14.24,14.26,14.28,14.29,14.31,14.32,14.34,14.36,14.37,14.39,14.41,14.42,14.44,14.46,14.47,14.49,14.51,14.52,14.54,14.56,14.57,14.59,14.61,14.62,14.64,14.66,14.67,14.69,14.71,14.72,14.74,14.75,14.77,14.79,14.8,14.82,14.84,14.85,14.87,14.89,14.9,14.92,14.94,14.95,14.97,14.99","0,0,0,0,0,0,0,0,0,0,0,0,0,0,0,0,0,0,0,0,0,0,0,0,0,0,0,0,0,0,0,0,0,0,0,0,0,0,0,0,0,0,0,0,0,0,0,0,0,0,0,0,0,0,0,0,0,0,0,0,0,0,0,0,0,0,0,0,0,0,0,0,0,0,0,0,0,0,0,0,0,0,0,0,0,0,0,0,0,0,0,0,0,0,0,0,0,0,0,0,0,0,0,0,0,0,0,0,0,0,0,0,0,0,0,0,0,0,0,0,0,0,0,0,0,0,0,0,0,0,0,0,0,0,0,0,0,0,0,0,0,0,0,0,0,0,0,0,0,0,0,0,0,0,0,0,0,0,0,0,0,0,0,0,0,0,0,0,0,0,0,0,0,0,0,0,0,0,0,0,0,0,0,0,0,0,0,0,0,0,0,0,0,0,0,0,0,0,0,0,0,0,0,0,0,0,0,0,0,0,0,0,0,0,0,0,0,0,0,0,0,0,0,0,0,0,0,0,0,0,0,0,0,0,0,0,0,0,0,0,0,0,0,0,0,0,0,0,0,0,0,0,0,0,0,0,0,0,0,0,0,0,0,0,0,0,0,0,0,0,0,0,0,0,0,0,0,0,0,0,0,0,0,0,0,0,0,0,0,0,0,0,0,0,0,0,0,0,0,0,0,0,0,0,0,0,0,0,0,0,0,0,0,0,0,0,0,0,0,0,0,0,0,0,0,0,0,0,0,0,0,0,0,0,0,0,0,0,0,0,0,0,0,0,0,0,0,0,0,0,0,0,0,0,0,0,0,0,0,0,0,0,0,0,0,0,0,0,0,0,0,0,0,0,0,0,0,0,0,0,0,0,0,0,0,0,0,0,0,0,0,0,0,0,0,0,0,0,0,0,0,0,0,0,0,0,0,0,0,0,0,0,0,0,0,0,0,0,0,0,0,0,0,0,0,0,0,0,0,0,0,0,0,0,0,0,0,0,0,0,0,0,0,0,0,0,0,0,0,0,0,0,0,0,0,0,0,0,0,0,0,0,0,0,0,0,0,0,0,0,0,0,0,0,0,0,0,0,0,0,0,0,0,0,0,0,0,0,0,0,0,0,0,0,0,0,0,0,0,0,0,0,0,0,0,0,0,0,0,0,0,0,0,0,0,0,0,0,0,0,0,0,0,0,0,0,0,0,0,0,0,0,0,0,0,0,0,0,0,0,0,0,0,0,0,0,0,0,0,0,0,0,0,0,0,0,0,0,0,0,0,0,0,0,0,0,0,0,0,0,0,0,0,0,0,0,0,0,0,0,0,0,0,0,0,0,0,0,0,0,0,0,0,0,0,0,0,0,0,0,0,0,0,0,0,0,0,0,0,0,0,0,0,0,0,0,0,0,0,0,0,0,0,0,0,0,0,0,0,0,0,0,0,0,0,0,0,0,0,0,0,0,0,0,0,0,0,0,0,0,0,0,0,0,0,0,0,0,0,0,0,0,0,0,0,0,0,0,0,0,0,0,0,0,0,0,0,0,0,0,0,0,0,0,0,0,0,0,0,0,0,0,0,0,0,0,0,0,0,0,0,0,0,0,0,0,0,0,0,0,0,0,0,0,0,0,0,0,0,0,0,0,0,0,0,0,0,0,0,0,0,0,0,0,0,0,0,0,0,0,0,0,0,0,0,0,0,0,0,0,0,0,0,0,0,0,0,0,0,0,0,0,0,0,0,0,0,0,0,0,0,0,0,0,0,0,0,0,0,0,0,0,0,0,0,0,0,0,0,0,0,0,0,0,0,0,0,0,0,0,0,0,0,0,0,0,0,0,0,0,0,0,0,0,0,0,0,0,0,0,0,0,0,0,0,0,0,0,0,0,0,0,0,0,0,0,0,0,0,0,0,0,0,0,0,0,0,0,0,0,0,0,0,0,0,0,0,0,0,0,0,0,0,0,0,0,0,0,0,0,0,0,0,0,0,0,0,0,0,0,0,0,0,0,0,0,0,0,0,0,0,0,0,0,0,0,0,0,0,0,0,0",#N/A,#N/A
,13C11-Tryptophan,C11H12N2O2,Quench QC,3.5,#N/A,#N/A,#N/A,#N/A,[M11C13+H],heavy,0,,,#N/A,#N/A,#N/A,,,#N/A,#N/A
QC-2_Blank-1_20241212_A_EC_JM-Breath-2_02.d,13C4-Succinate,C4H6O4,Resuspension QC,8.1,8.18,88513,31233,-6.9,[M4C13-H],heavy,0,0.091,-0.637,0.05,121.0328,902,"0.06,0.08,0.1,0.11,0.13,0.16,0.18,0.2,0.21,0.23,0.25,0.26,0.28,0.3,0.31,0.33,0.35,0.36,0.38,0.4,0.41,0.43,0.45,0.46,0.48,0.5,0.51,0.53,0.54,0.56,0.58,0.59,0.61,0.63,0.64,0.66,0.68,0.69,0.71,0.73,0.74,0.76,0.78,0.79,0.81,0.83,0.84,0.86,0.88,0.89,0.91,0.93,0.94,0.96,0.97,0.99,1.01,1.02,1.04,1.06,1.07,1.09,1.11,1.12,1.14,1.16,1.17,1.19,1.21,1.22,1.24,1.26,1.27,1.29,1.31,1.32,1.34,1.36,1.37,1.39,1.4,1.42,1.44,1.45,1.47,1.49,1.5,1.52,1.54,1.55,1.57,1.59,1.6,1.62,1.64,1.65,1.67,1.69,1.7,1.72,1.74,1.75,1.77,1.79,1.8,1.82,1.84,1.85,1.87,1.88,1.9,1.92,1.93,1.95,1.97,1.98,2,2.02,2.03,2.05,2.07,2.08,2.1,2.12,2.13,2.15,2.17,2.18,2.2,2.22,2.23,2.25,2.27,2.28,2.3,2.31,2.33,2.35,2.36,2.38,2.4,2.41,2.43,2.45,2.46,2.48,2.5,2.51,2.53,2.55,2.56,2.58,2.6,2.61,2.63,2.65,2.66,2.68,2.7,2.71,2.73,2.74,2.76,2.78,2.79,2.81,2.83,2.84,2.86,2.88,2.89,2.91,2.93,2.94,2.96,2.98,2.99,3.01,3.03,3.04,3.06,3.08,3.09,3.11,3.13,3.14,3.16,3.17,3.19,3.21,3.22,3.24,3.26,3.27,3.29,3.31,3.32,3.34,3.36,3.37,3.39,3.41,3.42,3.44,3.46,3.47,3.49,3.51,3.52,3.54,3.56,3.57,3.59,3.61,3.62,3.64,3.65,3.67,3.69,3.7,3.72,3.74,3.75,3.77,3.79,3.8,3.82,3.84,3.85,3.87,3.89,3.9,3.92,3.94,3.95,3.97,3.99,4,4.02,4.04,4.05,4.07,4.08,4.1,4.12,4.13,4.15,4.17,4.18,4.2,4.22,4.23,4.25,4.27,4.28,4.3,4.32,4.33,4.35,4.37,4.38,4.4,4.42,4.43,4.45,4.47,4.48,4.5,4.51,4.53,4.55,4.56,4.58,4.6,4.61,4.63,4.65,4.66,4.68,4.7,4.71,4.73,4.75,4.76,4.78,4.8,4.81,4.83,4.85,4.86,4.88,4.9,4.91,4.93,4.95,4.96,4.98,4.99,5.01,5.03,5.04,5.06,5.08,5.09,5.11,5.13,5.14,5.16,5.18,5.19,5.21,5.23,5.24,5.26,5.28,5.29,5.31,5.33,5.34,5.36,5.38,5.39,5.41,5.42,5.44,5.46,5.47,5.49,5.51,5.52,5.54,5.56,5.57,5.59,5.61,5.62,5.64,5.66,5.67,5.69,5.71,5.72,5.74,5.76,5.77,5.79,5.81,5.82,5.84,5.85,5.87,5.89,5.9,5.92,5.94,5.95,5.97,5.99,6,6.02,6.04,6.05,6.07,6.09,6.1,6.12,6.14,6.15,6.17,6.19,6.2,6.22,6.24,6.25,6.27,6.28,6.3,6.32,6.33,6.35,6.37,6.38,6.4,6.42,6.43,6.45,6.47,6.48,6.5,6.52,6.53,6.55,6.57,6.58,6.6,6.62,6.63,6.65,6.67,6.68,6.7,6.72,6.73,6.75,6.76,6.78,6.8,6.81,6.83,6.85,6.86,6.88,6.9,6.91,6.93,6.95,6.96,6.98,7,7.01,7.03,7.05,7.06,7.08,7.1,7.11,7.13,7.15,7.16,7.18,7.19,7.21,7.23,7.24,7.26,7.28,7.29,7.31,7.33,7.34,7.36,7.38,7.39,7.41,7.43,7.44,7.46,7.48,7.49,7.51,7.53,7.54,7.56,7.58,7.59,7.61,7.62,7.64,7.66,7.67,7.69,7.71,7.72,7.74,7.76,7.77,7.79,7.81,7.82,7.84,7.86,7.87,7.89,7.91,7.92,7.94,7.96,7.97,7.99,8.01,8.02,8.04,8.06,8.07,8.09,8.1,8.12,8.14,8.15,8.17,8.19,8.2,8.22,8.24,8.25,8.27,8.29,8.3,8.32,8.34,8.35,8.37,8.39,8.4,8.42,8.44,8.45,8.47,8.49,8.5,8.52,8.53,8.55,8.57,8.58,8.6,8.62,8.63,8.65,8.67,8.68,8.7,8.72,8.73,8.75,8.77,8.78,8.8,8.82,8.83,8.85,8.87,8.88,8.9,8.92,8.93,8.95,8.96,8.98,9,9.01,9.03,9.05,9.06,9.08,9.1,9.11,9.13,9.15,9.16,9.18,9.2,9.21,9.23,9.25,9.26,9.28,9.3,9.31,9.33,9.35,9.36,9.38,9.39,9.41,9.43,9.44,9.46,9.48,9.49,9.51,9.53,9.54,9.56,9.58,9.59,9.61,9.63,9.64,9.66,9.68,9.69,9.71,9.73,9.74,9.76,9.78,9.79,9.81,9.83,9.84,9.86,9.87,9.89,9.91,9.92,9.94,9.96,9.97,9.99,10.01,10.02,10.04,10.06,10.07,10.09,10.11,10.12,10.14,10.16,10.17,10.19,10.21,10.22,10.24,10.26,10.27,10.29,10.3,10.32,10.34,10.35,10.37,10.39,10.4,10.42,10.44,10.45,10.47,10.49,10.5,10.52,10.54,10.55,10.57,10.59,10.6,10.62,10.64,10.65,10.67,10.69,10.7,10.72,10.73,10.75,10.77,10.78,10.8,10.82,10.83,10.85,10.87,10.88,10.9,10.92,10.93,10.95,10.97,10.98,11,11.02,11.03,11.05,11.07,11.08,11.1,11.12,11.13,11.15,11.17,11.18,11.2,11.21,11.23,11.25,11.26,11.28,11.3,11.31,11.33,11.35,11.36,11.38,11.4,11.41,11.43,11.45,11.46,11.48,11.5,11.51,11.53,11.55,11.56,11.58,11.6,11.61,11.63,11.64,11.66,11.68,11.69,11.71,11.73,11.74,11.76,11.78,11.79,11.81,11.83,11.84,11.86,11.88,11.89,11.91,11.93,11.94,11.96,11.98,11.99,12.01,12.03,12.04,12.06,12.07,12.09,12.11,12.12,12.14,12.16,12.17,12.19,12.21,12.22,12.24,12.26,12.27,12.29,12.31,12.32,12.34,12.36,12.37,12.39,12.41,12.42,12.44,12.46,12.47,12.49,12.5,12.52,12.54,12.55,12.57,12.59,12.6,12.62,12.64,12.65,12.67,12.69,12.7,12.72,12.74,12.75,12.77,12.79,12.8,12.82,12.84,12.85,12.87,12.89,12.9,12.92,12.94,12.95,12.97,12.98,13,13.02,13.03,13.05,13.07,13.08,13.1,13.12,13.13,13.15,13.17,13.18,13.2,13.22,13.23,13.25,13.27,13.28,13.3,13.32,13.33,13.35,13.37,13.38,13.4,13.41,13.43,13.45,13.46,13.48,13.5,13.51,13.53,13.55,13.56,13.58,13.6,13.61,13.63,13.65,13.66,13.68,13.7,13.71,13.73,13.75,13.76,13.78,13.8,13.81,13.83,13.84,13.86,13.88,13.89,13.91,13.93,13.94,13.96,13.98,13.99,14.01,14.03,14.04,14.06,14.08,14.09,14.11,14.13,14.14,14.16,14.18,14.19,14.21,14.23,14.24,14.26,14.28,14.29,14.31,14.32,14.34,14.36,14.37,14.39,14.41,14.42,14.44,14.46,14.47,14.49,14.51,14.52,14.54,14.56,14.57,14.59,14.61,14.62,14.64,14.66,14.67,14.69,14.71,14.72,14.74,14.75,14.77,14.79,14.8,14.82,14.84,14.85,14.87,14.89,14.9,14.92,14.94,14.95,14.97,14.99","0,0,0,0,0,0,0,0,0,0,0,0,0,0,0,0,0,0,0,0,0,0,0,0,0,0,0,0,0,0,0,0,0,0,0,0,0,0,0,0,0,0,0,0,0,0,0,0,0,0,0,0,0,0,0,0,0,0,0,0,0,0,0,0,0,0,0,0,0,0,0,0,0,0,0,0,0,0,0,0,0,0,0,0,0,0,0,0,0,0,0,0,0,0,0,0,0,0,0,0,0,0,0,0,0,0,0,0,0,0,0,0,0,0,0,0,0,0,0,0,0,0,0,0,0,0,0,0,0,0,0,0,0,0,0,0,0,0,0,0,0,0,0,0,0,0,0,0,0,0,0,0,0,0,0,0,0,0,0,0,0,0,0,0,0,0,0,0,0,0,0,0,0,0,0,0,0,0,0,0,0,0,0,0,0,0,0,0,0,0,0,0,0,0,0,0,0,0,0,0,0,0,0,0,0,0,0,0,0,0,0,0,0,0,0,0,0,0,0,0,0,0,0,0,0,0,0,0,0,0,0,0,0,0,0,0,0,0,0,0,0,0,0,0,0,0,0,0,0,0,0,0,0,0,0,0,0,0,0,0,0,0,0,0,0,0,0,0,0,0,0,0,0,0,0,0,0,0,0,0,0,0,0,0,0,0,0,0,0,0,0,0,0,0,0,0,0,0,0,0,0,0,0,0,0,0,0,0,0,0,0,0,0,0,0,0,0,0,0,0,0,0,0,0,0,0,0,0,4210,0,0,0,0,0,0,0,3452,0,0,0,2459,0,0,0,0,0,0,0,0,0,0,0,2120,0,0,0,0,0,0,0,0,0,0,0,1897,0,0,0,0,0,0,0,0,0,0,0,0,0,0,0,0,0,0,0,0,0,0,0,0,0,0,0,0,0,0,0,0,0,0,0,0,0,0,0,0,0,0,0,0,0,0,0,0,0,0,0,0,0,0,0,0,0,0,0,0,0,0,0,0,0,0,0,0,0,0,0,0,0,0,0,0,0,0,0,0,0,0,0,0,0,0,0,0,0,0,0,0,0,0,0,0,0,0,0,0,0,0,0,0,0,0,0,0,0,0,0,0,0,0,0,0,0,0,0,0,0,0,0,0,28382,32271,28525,0,0,0,0,0,0,0,0,0,0,0,0,0,0,0,0,0,0,0,0,0,0,0,0,0,0,0,0,0,0,0,0,0,0,0,0,0,0,0,0,0,0,0,0,0,0,0,0,0,0,0,0,0,0,0,0,0,0,0,0,0,0,0,0,0,0,0,0,0,0,0,0,0,0,0,0,0,0,0,0,0,0,0,0,0,0,0,0,0,0,0,0,0,0,0,0,0,0,0,0,0,0,0,0,0,0,0,0,0,0,0,0,0,0,0,0,0,0,0,0,0,0,0,0,0,0,0,0,0,0,0,0,0,0,0,0,0,0,0,0,0,0,0,0,0,0,0,0,0,0,0,0,0,0,0,0,0,0,0,0,0,0,0,0,0,0,0,0,0,0,0,0,0,0,0,0,0,0,0,0,0,0,0,0,0,0,0,0,0,0,0,0,0,0,0,0,0,0,0,0,0,0,0,0,0,0,0,0,0,0,0,0,0,0,0,0,0,0,0,0,0,0,0,0,0,0,0,0,0,0,0,0,0,0,0,0,0,0,0,0,0,0,0,0,0,0,0,0,0,0,0,0,0,0,0,0,0,0,0,0,0,0,0,0,0,0,0,0,0,0,0,0,0,0,0,0,0,0,0,0,0,0,0,0,0,0,0,0,0,0,0,0,0,0,0,0,0,0,0,0,0,0,0,0,0,0,0,0,0,0,0,0,0,0,0,0,0,0,0,0,0,0,0,0,0,0,0,0,0,0,0,0,0,0,0,0,0,0,0,0,0,0,0,0,0,0,0,0,0,0,0,0,0,0,0,0,0,0,0,0,0,0,0,0,0,0,0,0,0,0,0,0,0,0,0,0,0,0,0,0,0,0,0,0,0,0,0,0,0,0,0,0,0,0,0,0,0,0,0,0,0,0,0,0,0,0,0,0,0,0",8.15,8.23
QC-2_Blank-1_20241212_A_EC_JM-Breath-2_02.d,13C6-Benzoate,C7H6O2,Resuspension QC,5.3,5.38,402251,92765,-1.8,[M6C13-H],heavy,0,0.759,1.704,0.06,127.0496,902,"0.06,0.08,0.1,0.11,0.13,0.16,0.18,0.2,0.21,0.23,0.25,0.26,0.28,0.3,0.31,0.33,0.35,0.36,0.38,0.4,0.41,0.43,0.45,0.46,0.48,0.5,0.51,0.53,0.54,0.56,0.58,0.59,0.61,0.63,0.64,0.66,0.68,0.69,0.71,0.73,0.74,0.76,0.78,0.79,0.81,0.83,0.84,0.86,0.88,0.89,0.91,0.93,0.94,0.96,0.97,0.99,1.01,1.02,1.04,1.06,1.07,1.09,1.11,1.12,1.14,1.16,1.17,1.19,1.21,1.22,1.24,1.26,1.27,1.29,1.31,1.32,1.34,1.36,1.37,1.39,1.4,1.42,1.44,1.45,1.47,1.49,1.5,1.52,1.54,1.55,1.57,1.59,1.6,1.62,1.64,1.65,1.67,1.69,1.7,1.72,1.74,1.75,1.77,1.79,1.8,1.82,1.84,1.85,1.87,1.88,1.9,1.92,1.93,1.95,1.97,1.98,2,2.02,2.03,2.05,2.07,2.08,2.1,2.12,2.13,2.15,2.17,2.18,2.2,2.22,2.23,2.25,2.27,2.28,2.3,2.31,2.33,2.35,2.36,2.38,2.4,2.41,2.43,2.45,2.46,2.48,2.5,2.51,2.53,2.55,2.56,2.58,2.6,2.61,2.63,2.65,2.66,2.68,2.7,2.71,2.73,2.74,2.76,2.78,2.79,2.81,2.83,2.84,2.86,2.88,2.89,2.91,2.93,2.94,2.96,2.98,2.99,3.01,3.03,3.04,3.06,3.08,3.09,3.11,3.13,3.14,3.16,3.17,3.19,3.21,3.22,3.24,3.26,3.27,3.29,3.31,3.32,3.34,3.36,3.37,3.39,3.41,3.42,3.44,3.46,3.47,3.49,3.51,3.52,3.54,3.56,3.57,3.59,3.61,3.62,3.64,3.65,3.67,3.69,3.7,3.72,3.74,3.75,3.77,3.79,3.8,3.82,3.84,3.85,3.87,3.89,3.9,3.92,3.94,3.95,3.97,3.99,4,4.02,4.04,4.05,4.07,4.08,4.1,4.12,4.13,4.15,4.17,4.18,4.2,4.22,4.23,4.25,4.27,4.28,4.3,4.32,4.33,4.35,4.37,4.38,4.4,4.42,4.43,4.45,4.47,4.48,4.5,4.51,4.53,4.55,4.56,4.58,4.6,4.61,4.63,4.65,4.66,4.68,4.7,4.71,4.73,4.75,4.76,4.78,4.8,4.81,4.83,4.85,4.86,4.88,4.9,4.91,4.93,4.95,4.96,4.98,4.99,5.01,5.03,5.04,5.06,5.08,5.09,5.11,5.13,5.14,5.16,5.18,5.19,5.21,5.23,5.24,5.26,5.28,5.29,5.31,5.33,5.34,5.36,5.38,5.39,5.41,5.42,5.44,5.46,5.47,5.49,5.51,5.52,5.54,5.56,5.57,5.59,5.61,5.62,5.64,5.66,5.67,5.69,5.71,5.72,5.74,5.76,5.77,5.79,5.81,5.82,5.84,5.85,5.87,5.89,5.9,5.92,5.94,5.95,5.97,5.99,6,6.02,6.04,6.05,6.07,6.09,6.1,6.12,6.14,6.15,6.17,6.19,6.2,6.22,6.24,6.25,6.27,6.28,6.3,6.32,6.33,6.35,6.37,6.38,6.4,6.42,6.43,6.45,6.47,6.48,6.5,6.52,6.53,6.55,6.57,6.58,6.6,6.62,6.63,6.65,6.67,6.68,6.7,6.72,6.73,6.75,6.76,6.78,6.8,6.81,6.83,6.85,6.86,6.88,6.9,6.91,6.93,6.95,6.96,6.98,7,7.01,7.03,7.05,7.06,7.08,7.1,7.11,7.13,7.15,7.16,7.18,7.19,7.21,7.23,7.24,7.26,7.28,7.29,7.31,7.33,7.34,7.36,7.38,7.39,7.41,7.43,7.44,7.46,7.48,7.49,7.51,7.53,7.54,7.56,7.58,7.59,7.61,7.62,7.64,7.66,7.67,7.69,7.71,7.72,7.74,7.76,7.77,7.79,7.81,7.82,7.84,7.86,7.87,7.89,7.91,7.92,7.94,7.96,7.97,7.99,8.01,8.02,8.04,8.06,8.07,8.09,8.1,8.12,8.14,8.15,8.17,8.19,8.2,8.22,8.24,8.25,8.27,8.29,8.3,8.32,8.34,8.35,8.37,8.39,8.4,8.42,8.44,8.45,8.47,8.49,8.5,8.52,8.53,8.55,8.57,8.58,8.6,8.62,8.63,8.65,8.67,8.68,8.7,8.72,8.73,8.75,8.77,8.78,8.8,8.82,8.83,8.85,8.87,8.88,8.9,8.92,8.93,8.95,8.96,8.98,9,9.01,9.03,9.05,9.06,9.08,9.1,9.11,9.13,9.15,9.16,9.18,9.2,9.21,9.23,9.25,9.26,9.28,9.3,9.31,9.33,9.35,9.36,9.38,9.39,9.41,9.43,9.44,9.46,9.48,9.49,9.51,9.53,9.54,9.56,9.58,9.59,9.61,9.63,9.64,9.66,9.68,9.69,9.71,9.73,9.74,9.76,9.78,9.79,9.81,9.83,9.84,9.86,9.87,9.89,9.91,9.92,9.94,9.96,9.97,9.99,10.01,10.02,10.04,10.06,10.07,10.09,10.11,10.12,10.14,10.16,10.17,10.19,10.21,10.22,10.24,10.26,10.27,10.29,10.3,10.32,10.34,10.35,10.37,10.39,10.4,10.42,10.44,10.45,10.47,10.49,10.5,10.52,10.54,10.55,10.57,10.59,10.6,10.62,10.64,10.65,10.67,10.69,10.7,10.72,10.73,10.75,10.77,10.78,10.8,10.82,10.83,10.85,10.87,10.88,10.9,10.92,10.93,10.95,10.97,10.98,11,11.02,11.03,11.05,11.07,11.08,11.1,11.12,11.13,11.15,11.17,11.18,11.2,11.21,11.23,11.25,11.26,11.28,11.3,11.31,11.33,11.35,11.36,11.38,11.4,11.41,11.43,11.45,11.46,11.48,11.5,11.51,11.53,11.55,11.56,11.58,11.6,11.61,11.63,11.64,11.66,11.68,11.69,11.71,11.73,11.74,11.76,11.78,11.79,11.81,11.83,11.84,11.86,11.88,11.89,11.91,11.93,11.94,11.96,11.98,11.99,12.01,12.03,12.04,12.06,12.07,12.09,12.11,12.12,12.14,12.16,12.17,12.19,12.21,12.22,12.24,12.26,12.27,12.29,12.31,12.32,12.34,12.36,12.37,12.39,12.41,12.42,12.44,12.46,12.47,12.49,12.5,12.52,12.54,12.55,12.57,12.59,12.6,12.62,12.64,12.65,12.67,12.69,12.7,12.72,12.74,12.75,12.77,12.79,12.8,12.82,12.84,12.85,12.87,12.89,12.9,12.92,12.94,12.95,12.97,12.98,13,13.02,13.03,13.05,13.07,13.08,13.1,13.12,13.13,13.15,13.17,13.18,13.2,13.22,13.23,13.25,13.27,13.28,13.3,13.32,13.33,13.35,13.37,13.38,13.4,13.41,13.43,13.45,13.46,13.48,13.5,13.51,13.53,13.55,13.56,13.58,13.6,13.61,13.63,13.65,13.66,13.68,13.7,13.71,13.73,13.75,13.76,13.78,13.8,13.81,13.83,13.84,13.86,13.88,13.89,13.91,13.93,13.94,13.96,13.98,13.99,14.01,14.03,14.04,14.06,14.08,14.09,14.11,14.13,14.14,14.16,14.18,14.19,14.21,14.23,14.24,14.26,14.28,14.29,14.31,14.32,14.34,14.36,14.37,14.39,14.41,14.42,14.44,14.46,14.47,14.49,14.51,14.52,14.54,14.56,14.57,14.59,14.61,14.62,14.64,14.66,14.67,14.69,14.71,14.72,14.74,14.75,14.77,14.79,14.8,14.82,14.84,14.85,14.87,14.89,14.9,14.92,14.94,14.95,14.97,14.99","0,0,0,0,0,0,0,0,0,0,0,0,0,0,0,0,0,0,0,0,0,0,0,0,0,0,0,0,0,0,0,0,0,0,0,0,0,0,0,0,0,0,0,0,0,0,0,0,0,0,0,0,0,0,0,0,0,0,0,0,0,0,0,0,0,0,0,0,0,0,0,0,0,0,0,0,0,0,0,0,0,0,0,0,0,0,0,0,0,0,0,0,0,0,0,0,0,0,0,0,0,0,0,0,0,0,0,0,0,0,0,0,0,0,0,0,0,0,0,0,0,0,0,0,0,0,0,0,0,0,0,0,0,0,0,0,0,0,0,0,0,0,0,0,0,0,0,0,0,0,0,0,0,0,0,0,0,0,0,0,0,0,0,0,0,0,0,0,0,0,0,0,0,0,0,0,0,0,0,0,0,0,0,0,0,0,0,0,0,0,0,0,0,0,0,0,0,0,0,0,0,0,0,0,0,0,0,0,0,0,0,0,0,0,0,0,0,0,0,0,0,0,0,0,0,0,0,0,0,0,0,0,0,0,0,0,0,0,0,0,0,0,0,0,0,0,0,0,0,0,0,0,0,0,0,0,0,0,0,0,0,0,0,0,0,0,0,0,0,0,0,0,0,0,0,0,0,0,0,0,0,0,0,0,0,0,0,0,0,0,0,0,0,0,0,0,0,0,0,0,0,0,0,0,0,0,0,0,0,0,0,0,0,0,0,1960,5508,19946,45465,82552,97213,71232,39314,18554,10051,5715,3642,1718,1036,1539,0,0,0,0,0,0,0,0,0,0,0,0,0,0,0,0,0,0,0,0,0,0,0,0,0,0,0,0,0,0,0,0,0,0,0,0,0,0,0,0,0,0,0,0,0,0,0,0,0,0,0,0,0,0,0,0,0,0,0,0,0,0,0,0,0,0,0,0,0,0,0,0,0,0,0,0,0,0,0,0,0,0,0,0,0,0,0,0,0,0,0,0,0,0,0,0,0,0,0,0,0,0,0,0,0,0,0,0,0,0,0,0,0,0,0,0,0,0,0,0,0,0,0,0,0,0,0,0,0,0,0,0,0,0,0,0,0,0,0,0,0,0,0,0,0,0,0,0,0,0,0,0,0,0,0,0,0,0,0,0,0,0,0,0,0,0,0,0,0,0,0,0,0,0,0,0,0,0,0,0,0,0,0,0,0,0,0,0,0,0,0,0,0,0,0,0,0,0,0,0,0,0,0,0,0,0,0,0,0,0,0,0,0,0,0,0,0,0,0,0,0,0,0,0,0,0,0,0,0,0,0,0,0,0,0,0,0,0,0,0,0,0,0,0,0,0,0,0,0,0,0,0,0,0,0,0,0,0,0,0,0,0,0,0,0,0,0,0,0,0,0,0,0,0,0,0,0,0,0,0,0,0,0,0,0,0,0,0,0,0,0,0,0,0,0,0,0,0,0,0,0,0,0,0,0,0,0,0,0,0,0,0,0,0,0,0,0,0,0,0,0,0,0,0,0,0,0,0,0,0,0,0,0,0,0,0,0,0,0,0,0,0,0,0,0,0,0,0,0,0,0,0,0,0,0,0,0,0,0,0,0,0,0,0,0,0,0,0,0,0,0,0,0,0,0,0,0,0,0,0,0,0,0,0,0,0,0,0,0,0,0,0,0,0,0,0,0,0,0,0,0,0,0,0,0,0,0,0,0,0,0,0,0,0,0,0,0,0,0,0,0,0,0,0,0,0,0,0,0,0,0,0,0,0,0,0,0,0,0,0,0,0,0,0,0,0,0,0,0,0,0,0,0,0,0,0,0,0,0,0,0,0,0,0,0,0,0,0,0,0,0,0,0,0,0,0,0,0,0,0,0,0,0,0,0,0,0,0,0,0,0,0,0,0,0,0,0,0,0,0,0,0,0,0,0,0,0,0,0,0,0,0,0,0,0,0,0,0,0,0,0,0,0,0,0,0,0,0,0,0,0,0,0,0,0,0,0,0,0,0,0,0,0,0,0,0,0,0,0,0,0,0,0,0,0,0,0,0,0,0,0,0,0,0,0,0,0,0,0,0,0,0",5.28,5.54
QC-2_Blank-1_20241212_A_EC_JM-Breath-2_02.d,D10-Leucine,C6H13NO2,Resuspension QC,6.5,6.58,192157,44544,-0.3,[M10D-H],heavy,0,1.155,1.992,0.06,140.1501,902,"0.06,0.08,0.1,0.11,0.13,0.16,0.18,0.2,0.21,0.23,0.25,0.26,0.28,0.3,0.31,0.33,0.35,0.36,0.38,0.4,0.41,0.43,0.45,0.46,0.48,0.5,0.51,0.53,0.54,0.56,0.58,0.59,0.61,0.63,0.64,0.66,0.68,0.69,0.71,0.73,0.74,0.76,0.78,0.79,0.81,0.83,0.84,0.86,0.88,0.89,0.91,0.93,0.94,0.96,0.97,0.99,1.01,1.02,1.04,1.06,1.07,1.09,1.11,1.12,1.14,1.16,1.17,1.19,1.21,1.22,1.24,1.26,1.27,1.29,1.31,1.32,1.34,1.36,1.37,1.39,1.4,1.42,1.44,1.45,1.47,1.49,1.5,1.52,1.54,1.55,1.57,1.59,1.6,1.62,1.64,1.65,1.67,1.69,1.7,1.72,1.74,1.75,1.77,1.79,1.8,1.82,1.84,1.85,1.87,1.88,1.9,1.92,1.93,1.95,1.97,1.98,2,2.02,2.03,2.05,2.07,2.08,2.1,2.12,2.13,2.15,2.17,2.18,2.2,2.22,2.23,2.25,2.27,2.28,2.3,2.31,2.33,2.35,2.36,2.38,2.4,2.41,2.43,2.45,2.46,2.48,2.5,2.51,2.53,2.55,2.56,2.58,2.6,2.61,2.63,2.65,2.66,2.68,2.7,2.71,2.73,2.74,2.76,2.78,2.79,2.81,2.83,2.84,2.86,2.88,2.89,2.91,2.93,2.94,2.96,2.98,2.99,3.01,3.03,3.04,3.06,3.08,3.09,3.11,3.13,3.14,3.16,3.17,3.19,3.21,3.22,3.24,3.26,3.27,3.29,3.31,3.32,3.34,3.36,3.37,3.39,3.41,3.42,3.44,3.46,3.47,3.49,3.51,3.52,3.54,3.56,3.57,3.59,3.61,3.62,3.64,3.65,3.67,3.69,3.7,3.72,3.74,3.75,3.77,3.79,3.8,3.82,3.84,3.85,3.87,3.89,3.9,3.92,3.94,3.95,3.97,3.99,4,4.02,4.04,4.05,4.07,4.08,4.1,4.12,4.13,4.15,4.17,4.18,4.2,4.22,4.23,4.25,4.27,4.28,4.3,4.32,4.33,4.35,4.37,4.38,4.4,4.42,4.43,4.45,4.47,4.48,4.5,4.51,4.53,4.55,4.56,4.58,4.6,4.61,4.63,4.65,4.66,4.68,4.7,4.71,4.73,4.75,4.76,4.78,4.8,4.81,4.83,4.85,4.86,4.88,4.9,4.91,4.93,4.95,4.96,4.98,4.99,5.01,5.03,5.04,5.06,5.08,5.09,5.11,5.13,5.14,5.16,5.18,5.19,5.21,5.23,5.24,5.26,5.28,5.29,5.31,5.33,5.34,5.36,5.38,5.39,5.41,5.42,5.44,5.46,5.47,5.49,5.51,5.52,5.54,5.56,5.57,5.59,5.61,5.62,5.64,5.66,5.67,5.69,5.71,5.72,5.74,5.76,5.77,5.79,5.81,5.82,5.84,5.85,5.87,5.89,5.9,5.92,5.94,5.95,5.97,5.99,6,6.02,6.04,6.05,6.07,6.09,6.1,6.12,6.14,6.15,6.17,6.19,6.2,6.22,6.24,6.25,6.27,6.28,6.3,6.32,6.33,6.35,6.37,6.38,6.4,6.42,6.43,6.45,6.47,6.48,6.5,6.52,6.53,6.55,6.57,6.58,6.6,6.62,6.63,6.65,6.67,6.68,6.7,6.72,6.73,6.75,6.76,6.78,6.8,6.81,6.83,6.85,6.86,6.88,6.9,6.91,6.93,6.95,6.96,6.98,7,7.01,7.03,7.05,7.06,7.08,7.1,7.11,7.13,7.15,7.16,7.18,7.19,7.21,7.23,7.24,7.26,7.28,7.29,7.31,7.33,7.34,7.36,7.38,7.39,7.41,7.43,7.44,7.46,7.48,7.49,7.51,7.53,7.54,7.56,7.58,7.59,7.61,7.62,7.64,7.66,7.67,7.69,7.71,7.72,7.74,7.76,7.77,7.79,7.81,7.82,7.84,7.86,7.87,7.89,7.91,7.92,7.94,7.96,7.97,7.99,8.01,8.02,8.04,8.06,8.07,8.09,8.1,8.12,8.14,8.15,8.17,8.19,8.2,8.22,8.24,8.25,8.27,8.29,8.3,8.32,8.34,8.35,8.37,8.39,8.4,8.42,8.44,8.45,8.47,8.49,8.5,8.52,8.53,8.55,8.57,8.58,8.6,8.62,8.63,8.65,8.67,8.68,8.7,8.72,8.73,8.75,8.77,8.78,8.8,8.82,8.83,8.85,8.87,8.88,8.9,8.92,8.93,8.95,8.96,8.98,9,9.01,9.03,9.05,9.06,9.08,9.1,9.11,9.13,9.15,9.16,9.18,9.2,9.21,9.23,9.25,9.26,9.28,9.3,9.31,9.33,9.35,9.36,9.38,9.39,9.41,9.43,9.44,9.46,9.48,9.49,9.51,9.53,9.54,9.56,9.58,9.59,9.61,9.63,9.64,9.66,9.68,9.69,9.71,9.73,9.74,9.76,9.78,9.79,9.81,9.83,9.84,9.86,9.87,9.89,9.91,9.92,9.94,9.96,9.97,9.99,10.01,10.02,10.04,10.06,10.07,10.09,10.11,10.12,10.14,10.16,10.17,10.19,10.21,10.22,10.24,10.26,10.27,10.29,10.3,10.32,10.34,10.35,10.37,10.39,10.4,10.42,10.44,10.45,10.47,10.49,10.5,10.52,10.54,10.55,10.57,10.59,10.6,10.62,10.64,10.65,10.67,10.69,10.7,10.72,10.73,10.75,10.77,10.78,10.8,10.82,10.83,10.85,10.87,10.88,10.9,10.92,10.93,10.95,10.97,10.98,11,11.02,11.03,11.05,11.07,11.08,11.1,11.12,11.13,11.15,11.17,11.18,11.2,11.21,11.23,11.25,11.26,11.28,11.3,11.31,11.33,11.35,11.36,11.38,11.4,11.41,11.43,11.45,11.46,11.48,11.5,11.51,11.53,11.55,11.56,11.58,11.6,11.61,11.63,11.64,11.66,11.68,11.69,11.71,11.73,11.74,11.76,11.78,11.79,11.81,11.83,11.84,11.86,11.88,11.89,11.91,11.93,11.94,11.96,11.98,11.99,12.01,12.03,12.04,12.06,12.07,12.09,12.11,12.12,12.14,12.16,12.17,12.19,12.21,12.22,12.24,12.26,12.27,12.29,12.31,12.32,12.34,12.36,12.37,12.39,12.41,12.42,12.44,12.46,12.47,12.49,12.5,12.52,12.54,12.55,12.57,12.59,12.6,12.62,12.64,12.65,12.67,12.69,12.7,12.72,12.74,12.75,12.77,12.79,12.8,12.82,12.84,12.85,12.87,12.89,12.9,12.92,12.94,12.95,12.97,12.98,13,13.02,13.03,13.05,13.07,13.08,13.1,13.12,13.13,13.15,13.17,13.18,13.2,13.22,13.23,13.25,13.27,13.28,13.3,13.32,13.33,13.35,13.37,13.38,13.4,13.41,13.43,13.45,13.46,13.48,13.5,13.51,13.53,13.55,13.56,13.58,13.6,13.61,13.63,13.65,13.66,13.68,13.7,13.71,13.73,13.75,13.76,13.78,13.8,13.81,13.83,13.84,13.86,13.88,13.89,13.91,13.93,13.94,13.96,13.98,13.99,14.01,14.03,14.04,14.06,14.08,14.09,14.11,14.13,14.14,14.16,14.18,14.19,14.21,14.23,14.24,14.26,14.28,14.29,14.31,14.32,14.34,14.36,14.37,14.39,14.41,14.42,14.44,14.46,14.47,14.49,14.51,14.52,14.54,14.56,14.57,14.59,14.61,14.62,14.64,14.66,14.67,14.69,14.71,14.72,14.74,14.75,14.77,14.79,14.8,14.82,14.84,14.85,14.87,14.89,14.9,14.92,14.94,14.95,14.97,14.99","0,0,0,0,0,0,0,0,0,0,0,0,0,0,0,0,0,0,0,0,0,0,0,0,0,0,0,0,0,0,0,0,0,0,0,0,0,0,0,0,0,0,0,0,0,0,0,0,0,0,0,0,0,0,0,0,0,0,0,0,0,0,0,0,0,0,0,0,0,0,0,0,0,0,0,0,0,0,0,0,0,0,0,0,0,0,0,0,0,0,0,0,0,0,0,0,0,0,0,0,0,0,0,0,0,0,0,0,0,0,0,0,0,0,0,0,0,0,0,0,0,0,0,0,0,0,0,0,0,0,0,0,0,0,0,0,0,0,0,0,0,0,0,0,0,0,0,0,0,0,0,0,0,0,0,0,0,0,0,0,0,0,0,0,0,0,0,0,0,0,0,0,0,0,0,0,0,0,0,0,0,0,0,0,0,0,0,0,0,0,0,0,0,0,0,0,0,0,0,0,0,0,0,0,0,0,0,0,0,0,0,0,0,0,0,0,0,0,0,0,0,0,0,0,0,0,0,0,0,0,0,0,0,0,0,0,0,0,0,0,0,0,0,0,0,0,0,0,0,0,0,0,0,0,0,0,0,0,0,0,0,0,0,0,0,0,0,0,0,0,0,0,0,0,0,0,0,0,0,0,0,0,0,0,0,0,0,0,0,0,0,0,0,0,0,0,0,0,0,0,0,0,0,0,0,0,0,0,0,0,0,0,0,0,0,0,0,0,0,0,0,0,0,0,0,0,0,0,0,0,0,0,0,0,0,0,0,0,0,0,0,0,0,0,0,0,0,0,0,0,0,0,0,0,0,0,0,0,0,0,0,0,0,0,0,0,0,0,0,0,0,0,0,0,0,0,0,0,0,0,0,0,0,0,0,0,0,0,1009,4514,9082,20914,34659,44716,29502,17063,9645,6312,4316,3592,2602,2528,1331,946,894,0,0,0,749,0,0,0,0,0,0,0,0,0,0,0,0,0,0,0,0,0,0,0,0,0,0,0,0,0,0,0,0,0,0,0,0,0,0,0,0,0,0,0,0,0,0,0,0,0,0,0,0,0,0,0,0,0,0,0,0,0,0,0,0,0,0,0,0,0,0,0,0,0,0,0,0,0,0,0,0,0,0,0,0,0,0,0,0,0,0,0,0,0,0,0,0,0,0,0,0,0,0,0,0,0,0,0,0,0,0,0,0,0,0,0,0,0,0,0,0,0,0,0,0,0,0,0,0,0,0,0,0,0,0,0,0,0,0,0,0,0,0,0,0,0,0,0,0,0,0,0,0,0,0,0,0,0,0,0,0,0,0,0,0,0,0,0,0,0,0,0,0,0,0,0,0,0,0,0,0,0,0,0,0,0,0,0,0,0,0,0,0,0,0,0,0,0,0,0,0,0,0,0,0,0,0,0,0,0,0,0,0,0,0,0,0,0,0,0,0,0,0,0,0,0,0,0,0,0,0,0,0,0,0,0,0,0,0,0,0,0,0,0,0,0,0,0,0,0,0,0,0,0,0,0,0,0,0,0,0,0,0,0,0,0,0,0,0,0,0,0,0,0,0,0,0,0,0,0,0,0,0,0,0,0,0,0,0,0,0,0,0,0,0,0,0,0,0,0,0,0,0,0,0,0,0,0,0,0,0,0,0,0,0,0,0,0,0,0,0,0,0,0,0,0,0,0,0,0,0,0,0,0,0,0,0,0,0,0,0,0,0,0,0,0,0,0,0,0,0,0,0,0,0,0,0,0,0,0,0,0,0,0,0,0,0,0,0,0,0,0,0,0,0,0,0,0,0,0,0,0,0,0,0,0,0,0,0,0,0,0,0,0,0,0,0,0,0,0,0,0,0,0,0,0,0,0,0,0,0,0,0,0,0,0,0,0,0,0,0,0,0,0,0,0,0,0,0,0,0,0,0,0,0,0,0,0,0,0,0,0,0,0,0,0,0,0,0,0,0,0,0,0,0,0,0,0,0,0,0,0,0,0,0,0,0,0,0,0,0,0,0,0,0,0,0,0,0,0,0,0,0,0,0,0,0,0,0,0,0,0,0,0,0,0,0,0",6.48,6.78
,D10-Leucine,C6H13NO2,Resuspension QC,6.5,#N/A,#N/A,#N/A,#N/A,[M10D+H],heavy,0,,,#N/A,#N/A,#N/A,,,#N/A,#N/A
QC-2_Blank-1_20241212_A_EC_JM-Breath-2_02.d,13C8-Octanoate,C8H16O2,Resuspension QC,1.75,1.57,850653,82517,-2.9,[M8C13-H],heavy,0,0.445,0.265,0.15,151.1346,902,"0.06,0.08,0.1,0.11,0.13,0.16,0.18,0.2,0.21,0.23,0.25,0.26,0.28,0.3,0.31,0.33,0.35,0.36,0.38,0.4,0.41,0.43,0.45,0.46,0.48,0.5,0.51,0.53,0.54,0.56,0.58,0.59,0.61,0.63,0.64,0.66,0.68,0.69,0.71,0.73,0.74,0.76,0.78,0.79,0.81,0.83,0.84,0.86,0.88,0.89,0.91,0.93,0.94,0.96,0.97,0.99,1.01,1.02,1.04,1.06,1.07,1.09,1.11,1.12,1.14,1.16,1.17,1.19,1.21,1.22,1.24,1.26,1.27,1.29,1.31,1.32,1.34,1.36,1.37,1.39,1.4,1.42,1.44,1.45,1.47,1.49,1.5,1.52,1.54,1.55,1.57,1.59,1.6,1.62,1.64,1.65,1.67,1.69,1.7,1.72,1.74,1.75,1.77,1.79,1.8,1.82,1.84,1.85,1.87,1.88,1.9,1.92,1.93,1.95,1.97,1.98,2,2.02,2.03,2.05,2.07,2.08,2.1,2.12,2.13,2.15,2.17,2.18,2.2,2.22,2.23,2.25,2.27,2.28,2.3,2.31,2.33,2.35,2.36,2.38,2.4,2.41,2.43,2.45,2.46,2.48,2.5,2.51,2.53,2.55,2.56,2.58,2.6,2.61,2.63,2.65,2.66,2.68,2.7,2.71,2.73,2.74,2.76,2.78,2.79,2.81,2.83,2.84,2.86,2.88,2.89,2.91,2.93,2.94,2.96,2.98,2.99,3.01,3.03,3.04,3.06,3.08,3.09,3.11,3.13,3.14,3.16,3.17,3.19,3.21,3.22,3.24,3.26,3.27,3.29,3.31,3.32,3.34,3.36,3.37,3.39,3.41,3.42,3.44,3.46,3.47,3.49,3.51,3.52,3.54,3.56,3.57,3.59,3.61,3.62,3.64,3.65,3.67,3.69,3.7,3.72,3.74,3.75,3.77,3.79,3.8,3.82,3.84,3.85,3.87,3.89,3.9,3.92,3.94,3.95,3.97,3.99,4,4.02,4.04,4.05,4.07,4.08,4.1,4.12,4.13,4.15,4.17,4.18,4.2,4.22,4.23,4.25,4.27,4.28,4.3,4.32,4.33,4.35,4.37,4.38,4.4,4.42,4.43,4.45,4.47,4.48,4.5,4.51,4.53,4.55,4.56,4.58,4.6,4.61,4.63,4.65,4.66,4.68,4.7,4.71,4.73,4.75,4.76,4.78,4.8,4.81,4.83,4.85,4.86,4.88,4.9,4.91,4.93,4.95,4.96,4.98,4.99,5.01,5.03,5.04,5.06,5.08,5.09,5.11,5.13,5.14,5.16,5.18,5.19,5.21,5.23,5.24,5.26,5.28,5.29,5.31,5.33,5.34,5.36,5.38,5.39,5.41,5.42,5.44,5.46,5.47,5.49,5.51,5.52,5.54,5.56,5.57,5.59,5.61,5.62,5.64,5.66,5.67,5.69,5.71,5.72,5.74,5.76,5.77,5.79,5.81,5.82,5.84,5.85,5.87,5.89,5.9,5.92,5.94,5.95,5.97,5.99,6,6.02,6.04,6.05,6.07,6.09,6.1,6.12,6.14,6.15,6.17,6.19,6.2,6.22,6.24,6.25,6.27,6.28,6.3,6.32,6.33,6.35,6.37,6.38,6.4,6.42,6.43,6.45,6.47,6.48,6.5,6.52,6.53,6.55,6.57,6.58,6.6,6.62,6.63,6.65,6.67,6.68,6.7,6.72,6.73,6.75,6.76,6.78,6.8,6.81,6.83,6.85,6.86,6.88,6.9,6.91,6.93,6.95,6.96,6.98,7,7.01,7.03,7.05,7.06,7.08,7.1,7.11,7.13,7.15,7.16,7.18,7.19,7.21,7.23,7.24,7.26,7.28,7.29,7.31,7.33,7.34,7.36,7.38,7.39,7.41,7.43,7.44,7.46,7.48,7.49,7.51,7.53,7.54,7.56,7.58,7.59,7.61,7.62,7.64,7.66,7.67,7.69,7.71,7.72,7.74,7.76,7.77,7.79,7.81,7.82,7.84,7.86,7.87,7.89,7.91,7.92,7.94,7.96,7.97,7.99,8.01,8.02,8.04,8.06,8.07,8.09,8.1,8.12,8.14,8.15,8.17,8.19,8.2,8.22,8.24,8.25,8.27,8.29,8.3,8.32,8.34,8.35,8.37,8.39,8.4,8.42,8.44,8.45,8.47,8.49,8.5,8.52,8.53,8.55,8.57,8.58,8.6,8.62,8.63,8.65,8.67,8.68,8.7,8.72,8.73,8.75,8.77,8.78,8.8,8.82,8.83,8.85,8.87,8.88,8.9,8.92,8.93,8.95,8.96,8.98,9,9.01,9.03,9.05,9.06,9.08,9.1,9.11,9.13,9.15,9.16,9.18,9.2,9.21,9.23,9.25,9.26,9.28,9.3,9.31,9.33,9.35,9.36,9.38,9.39,9.41,9.43,9.44,9.46,9.48,9.49,9.51,9.53,9.54,9.56,9.58,9.59,9.61,9.63,9.64,9.66,9.68,9.69,9.71,9.73,9.74,9.76,9.78,9.79,9.81,9.83,9.84,9.86,9.87,9.89,9.91,9.92,9.94,9.96,9.97,9.99,10.01,10.02,10.04,10.06,10.07,10.09,10.11,10.12,10.14,10.16,10.17,10.19,10.21,10.22,10.24,10.26,10.27,10.29,10.3,10.32,10.34,10.35,10.37,10.39,10.4,10.42,10.44,10.45,10.47,10.49,10.5,10.52,10.54,10.55,10.57,10.59,10.6,10.62,10.64,10.65,10.67,10.69,10.7,10.72,10.73,10.75,10.77,10.78,10.8,10.82,10.83,10.85,10.87,10.88,10.9,10.92,10.93,10.95,10.97,10.98,11,11.02,11.03,11.05,11.07,11.08,11.1,11.12,11.13,11.15,11.17,11.18,11.2,11.21,11.23,11.25,11.26,11.28,11.3,11.31,11.33,11.35,11.36,11.38,11.4,11.41,11.43,11.45,11.46,11.48,11.5,11.51,11.53,11.55,11.56,11.58,11.6,11.61,11.63,11.64,11.66,11.68,11.69,11.71,11.73,11.74,11.76,11.78,11.79,11.81,11.83,11.84,11.86,11.88,11.89,11.91,11.93,11.94,11.96,11.98,11.99,12.01,12.03,12.04,12.06,12.07,12.09,12.11,12.12,12.14,12.16,12.17,12.19,12.21,12.22,12.24,12.26,12.27,12.29,12.31,12.32,12.34,12.36,12.37,12.39,12.41,12.42,12.44,12.46,12.47,12.49,12.5,12.52,12.54,12.55,12.57,12.59,12.6,12.62,12.64,12.65,12.67,12.69,12.7,12.72,12.74,12.75,12.77,12.79,12.8,12.82,12.84,12.85,12.87,12.89,12.9,12.92,12.94,12.95,12.97,12.98,13,13.02,13.03,13.05,13.07,13.08,13.1,13.12,13.13,13.15,13.17,13.18,13.2,13.22,13.23,13.25,13.27,13.28,13.3,13.32,13.33,13.35,13.37,13.38,13.4,13.41,13.43,13.45,13.46,13.48,13.5,13.51,13.53,13.55,13.56,13.58,13.6,13.61,13.63,13.65,13.66,13.68,13.7,13.71,13.73,13.75,13.76,13.78,13.8,13.81,13.83,13.84,13.86,13.88,13.89,13.91,13.93,13.94,13.96,13.98,13.99,14.01,14.03,14.04,14.06,14.08,14.09,14.11,14.13,14.14,14.16,14.18,14.19,14.21,14.23,14.24,14.26,14.28,14.29,14.31,14.32,14.34,14.36,14.37,14.39,14.41,14.42,14.44,14.46,14.47,14.49,14.51,14.52,14.54,14.56,14.57,14.59,14.61,14.62,14.64,14.66,14.67,14.69,14.71,14.72,14.74,14.75,14.77,14.79,14.8,14.82,14.84,14.85,14.87,14.89,14.9,14.92,14.94,14.95,14.97,14.99","0,0,0,0,0,0,0,0,0,0,0,0,0,0,0,0,0,0,0,0,0,0,0,0,0,0,0,0,0,0,0,0,0,0,0,0,0,0,0,0,0,0,0,0,0,0,0,0,0,0,0,0,0,0,0,0,0,0,0,0,0,0,0,0,0,0,0,0,0,0,0,0,0,0,0,0,0,0,605,933,1918,5015,7727,17357,32208,38848,56146,66079,74518,81712,82764,81212,73643,60480,44719,34352,26512,15572,13634,10446,7024,8731,6966,6986,5162,6592,6459,6944,5956,6055,7491,8277,8716,10650,11870,13405,15359,18910,22089,25658,27368,30886,32860,30733,27074,22671,16537,12621,9763,6070,5323,4801,3972,3018,2584,2394,1939,2010,1745,1232,1244,1026,1431,1042,883,1020,0,0,0,0,0,0,0,0,0,0,0,0,0,0,0,0,0,0,0,0,0,0,0,0,0,0,0,0,0,0,0,0,0,0,0,0,0,0,0,0,0,0,0,0,0,0,0,0,0,0,0,0,0,0,0,0,0,0,0,0,0,0,0,0,0,0,0,0,0,0,0,0,0,0,0,0,0,0,0,0,0,0,0,0,0,0,0,0,0,0,0,0,0,0,0,0,0,0,0,0,0,0,0,0,0,0,0,0,0,0,0,0,0,0,0,0,0,0,0,0,0,0,0,0,0,0,0,0,0,0,0,0,0,0,0,0,0,0,0,0,0,0,0,0,0,0,0,0,0,0,0,0,0,0,0,0,0,0,0,0,0,0,0,0,0,0,0,0,0,0,0,0,0,0,0,0,0,0,0,0,0,0,0,0,0,0,0,0,0,0,0,0,0,0,0,0,0,0,0,0,0,0,0,0,0,0,0,0,0,0,0,0,0,0,0,0,0,0,0,0,0,0,0,0,0,0,0,0,0,0,0,0,0,0,0,0,0,0,0,0,0,0,0,0,0,0,0,0,0,0,0,0,0,0,0,0,0,0,0,0,0,0,0,0,0,0,0,0,0,0,0,0,0,0,0,0,0,0,0,0,0,0,0,0,0,0,0,0,0,0,0,0,0,0,0,0,0,0,0,0,0,0,0,0,0,0,0,0,0,0,0,0,0,0,0,0,0,0,0,0,0,0,0,0,0,0,0,0,0,0,0,0,0,0,0,0,0,0,0,0,0,0,0,0,0,0,0,0,0,0,0,0,0,0,0,0,0,0,0,0,0,0,0,0,0,0,0,0,0,0,0,0,0,0,0,0,0,0,0,0,0,0,0,0,0,0,0,0,0,0,0,0,0,0,0,0,0,0,0,0,0,0,0,0,0,0,0,0,0,0,0,0,0,0,0,0,0,0,0,0,0,0,0,0,0,0,0,0,0,0,0,0,0,0,0,0,0,0,0,0,0,0,0,0,0,0,0,0,0,0,0,0,0,0,0,0,0,0,0,0,0,0,0,0,0,0,0,0,0,0,0,0,0,0,0,0,0,0,0,0,0,0,0,0,0,0,0,0,0,0,0,0,0,0,0,0,0,0,0,0,0,0,0,0,0,0,0,0,0,0,0,0,0,0,0,0,0,0,0,0,0,0,0,0,0,0,0,0,0,0,0,0,0,0,0,0,0,0,0,0,0,0,0,0,0,0,0,0,0,0,0,0,0,0,0,0,0,0,0,0,0,0,0,0,0,0,0,0,0,0,0,0,0,0,0,0,0,0,0,0,0,0,0,0,0,0,0,0,0,0,0,0,0,0,0,0,0,0,0,0,0,0,0,0,0,0,0,0,0,0,0,0,0,0,0,0,0,0,0,0,0,0,0,0,0,0,0,0,0,0,0,0,0,0,0,0,0,0,0,0,0,0,0,0,0,0,0,0,0,0,0,0,0,0,0,0,0,0,0,0,0,0,0,0,0,0,0,0,0,0,0,0,0,0,0,0,0,0,0,0,0,0,0,0,0,0,0,0,0,0,0,0,0,0,0,0,0,0,0,0,0,0,0,0,0,0,0,0,0,0,0,0,0,0,0,0,0,0,0,0,0,0,0,0,0,0,0,0,0,0,0,0,0,0,0,0,0,0,0,0,0,0,0,0,0,0,0,0,0,0,0,0,0,0,0,0",1.35,1.8
QC-2_Blank-1_20241212_A_EC_JM-Breath-2_02.d,13C3-Citrate,C6H8O7,Resuspension QC,8.6,8.69,418505,24751,0.9,[M3C13-H],heavy,0,1.026,0.208,0.2,194.0298,902,"0.06,0.08,0.1,0.11,0.13,0.16,0.18,0.2,0.21,0.23,0.25,0.26,0.28,0.3,0.31,0.33,0.35,0.36,0.38,0.4,0.41,0.43,0.45,0.46,0.48,0.5,0.51,0.53,0.54,0.56,0.58,0.59,0.61,0.63,0.64,0.66,0.68,0.69,0.71,0.73,0.74,0.76,0.78,0.79,0.81,0.83,0.84,0.86,0.88,0.89,0.91,0.93,0.94,0.96,0.97,0.99,1.01,1.02,1.04,1.06,1.07,1.09,1.11,1.12,1.14,1.16,1.17,1.19,1.21,1.22,1.24,1.26,1.27,1.29,1.31,1.32,1.34,1.36,1.37,1.39,1.4,1.42,1.44,1.45,1.47,1.49,1.5,1.52,1.54,1.55,1.57,1.59,1.6,1.62,1.64,1.65,1.67,1.69,1.7,1.72,1.74,1.75,1.77,1.79,1.8,1.82,1.84,1.85,1.87,1.88,1.9,1.92,1.93,1.95,1.97,1.98,2,2.02,2.03,2.05,2.07,2.08,2.1,2.12,2.13,2.15,2.17,2.18,2.2,2.22,2.23,2.25,2.27,2.28,2.3,2.31,2.33,2.35,2.36,2.38,2.4,2.41,2.43,2.45,2.46,2.48,2.5,2.51,2.53,2.55,2.56,2.58,2.6,2.61,2.63,2.65,2.66,2.68,2.7,2.71,2.73,2.74,2.76,2.78,2.79,2.81,2.83,2.84,2.86,2.88,2.89,2.91,2.93,2.94,2.96,2.98,2.99,3.01,3.03,3.04,3.06,3.08,3.09,3.11,3.13,3.14,3.16,3.17,3.19,3.21,3.22,3.24,3.26,3.27,3.29,3.31,3.32,3.34,3.36,3.37,3.39,3.41,3.42,3.44,3.46,3.47,3.49,3.51,3.52,3.54,3.56,3.57,3.59,3.61,3.62,3.64,3.65,3.67,3.69,3.7,3.72,3.74,3.75,3.77,3.79,3.8,3.82,3.84,3.85,3.87,3.89,3.9,3.92,3.94,3.95,3.97,3.99,4,4.02,4.04,4.05,4.07,4.08,4.1,4.12,4.13,4.15,4.17,4.18,4.2,4.22,4.23,4.25,4.27,4.28,4.3,4.32,4.33,4.35,4.37,4.38,4.4,4.42,4.43,4.45,4.47,4.48,4.5,4.51,4.53,4.55,4.56,4.58,4.6,4.61,4.63,4.65,4.66,4.68,4.7,4.71,4.73,4.75,4.76,4.78,4.8,4.81,4.83,4.85,4.86,4.88,4.9,4.91,4.93,4.95,4.96,4.98,4.99,5.01,5.03,5.04,5.06,5.08,5.09,5.11,5.13,5.14,5.16,5.18,5.19,5.21,5.23,5.24,5.26,5.28,5.29,5.31,5.33,5.34,5.36,5.38,5.39,5.41,5.42,5.44,5.46,5.47,5.49,5.51,5.52,5.54,5.56,5.57,5.59,5.61,5.62,5.64,5.66,5.67,5.69,5.71,5.72,5.74,5.76,5.77,5.79,5.81,5.82,5.84,5.85,5.87,5.89,5.9,5.92,5.94,5.95,5.97,5.99,6,6.02,6.04,6.05,6.07,6.09,6.1,6.12,6.14,6.15,6.17,6.19,6.2,6.22,6.24,6.25,6.27,6.28,6.3,6.32,6.33,6.35,6.37,6.38,6.4,6.42,6.43,6.45,6.47,6.48,6.5,6.52,6.53,6.55,6.57,6.58,6.6,6.62,6.63,6.65,6.67,6.68,6.7,6.72,6.73,6.75,6.76,6.78,6.8,6.81,6.83,6.85,6.86,6.88,6.9,6.91,6.93,6.95,6.96,6.98,7,7.01,7.03,7.05,7.06,7.08,7.1,7.11,7.13,7.15,7.16,7.18,7.19,7.21,7.23,7.24,7.26,7.28,7.29,7.31,7.33,7.34,7.36,7.38,7.39,7.41,7.43,7.44,7.46,7.48,7.49,7.51,7.53,7.54,7.56,7.58,7.59,7.61,7.62,7.64,7.66,7.67,7.69,7.71,7.72,7.74,7.76,7.77,7.79,7.81,7.82,7.84,7.86,7.87,7.89,7.91,7.92,7.94,7.96,7.97,7.99,8.01,8.02,8.04,8.06,8.07,8.09,8.1,8.12,8.14,8.15,8.17,8.19,8.2,8.22,8.24,8.25,8.27,8.29,8.3,8.32,8.34,8.35,8.37,8.39,8.4,8.42,8.44,8.45,8.47,8.49,8.5,8.52,8.53,8.55,8.57,8.58,8.6,8.62,8.63,8.65,8.67,8.68,8.7,8.72,8.73,8.75,8.77,8.78,8.8,8.82,8.83,8.85,8.87,8.88,8.9,8.92,8.93,8.95,8.96,8.98,9,9.01,9.03,9.05,9.06,9.08,9.1,9.11,9.13,9.15,9.16,9.18,9.2,9.21,9.23,9.25,9.26,9.28,9.3,9.31,9.33,9.35,9.36,9.38,9.39,9.41,9.43,9.44,9.46,9.48,9.49,9.51,9.53,9.54,9.56,9.58,9.59,9.61,9.63,9.64,9.66,9.68,9.69,9.71,9.73,9.74,9.76,9.78,9.79,9.81,9.83,9.84,9.86,9.87,9.89,9.91,9.92,9.94,9.96,9.97,9.99,10.01,10.02,10.04,10.06,10.07,10.09,10.11,10.12,10.14,10.16,10.17,10.19,10.21,10.22,10.24,10.26,10.27,10.29,10.3,10.32,10.34,10.35,10.37,10.39,10.4,10.42,10.44,10.45,10.47,10.49,10.5,10.52,10.54,10.55,10.57,10.59,10.6,10.62,10.64,10.65,10.67,10.69,10.7,10.72,10.73,10.75,10.77,10.78,10.8,10.82,10.83,10.85,10.87,10.88,10.9,10.92,10.93,10.95,10.97,10.98,11,11.02,11.03,11.05,11.07,11.08,11.1,11.12,11.13,11.15,11.17,11.18,11.2,11.21,11.23,11.25,11.26,11.28,11.3,11.31,11.33,11.35,11.36,11.38,11.4,11.41,11.43,11.45,11.46,11.48,11.5,11.51,11.53,11.55,11.56,11.58,11.6,11.61,11.63,11.64,11.66,11.68,11.69,11.71,11.73,11.74,11.76,11.78,11.79,11.81,11.83,11.84,11.86,11.88,11.89,11.91,11.93,11.94,11.96,11.98,11.99,12.01,12.03,12.04,12.06,12.07,12.09,12.11,12.12,12.14,12.16,12.17,12.19,12.21,12.22,12.24,12.26,12.27,12.29,12.31,12.32,12.34,12.36,12.37,12.39,12.41,12.42,12.44,12.46,12.47,12.49,12.5,12.52,12.54,12.55,12.57,12.59,12.6,12.62,12.64,12.65,12.67,12.69,12.7,12.72,12.74,12.75,12.77,12.79,12.8,12.82,12.84,12.85,12.87,12.89,12.9,12.92,12.94,12.95,12.97,12.98,13,13.02,13.03,13.05,13.07,13.08,13.1,13.12,13.13,13.15,13.17,13.18,13.2,13.22,13.23,13.25,13.27,13.28,13.3,13.32,13.33,13.35,13.37,13.38,13.4,13.41,13.43,13.45,13.46,13.48,13.5,13.51,13.53,13.55,13.56,13.58,13.6,13.61,13.63,13.65,13.66,13.68,13.7,13.71,13.73,13.75,13.76,13.78,13.8,13.81,13.83,13.84,13.86,13.88,13.89,13.91,13.93,13.94,13.96,13.98,13.99,14.01,14.03,14.04,14.06,14.08,14.09,14.11,14.13,14.14,14.16,14.18,14.19,14.21,14.23,14.24,14.26,14.28,14.29,14.31,14.32,14.34,14.36,14.37,14.39,14.41,14.42,14.44,14.46,14.47,14.49,14.51,14.52,14.54,14.56,14.57,14.59,14.61,14.62,14.64,14.66,14.67,14.69,14.71,14.72,14.74,14.75,14.77,14.79,14.8,14.82,14.84,14.85,14.87,14.89,14.9,14.92,14.94,14.95,14.97,14.99","0,0,0,0,0,0,0,0,0,0,0,0,0,0,0,0,0,0,0,0,0,0,0,0,0,0,0,0,0,0,0,0,0,0,0,0,0,0,0,0,0,0,0,0,0,0,0,0,0,0,0,0,0,0,0,0,0,0,0,0,0,0,0,0,0,0,0,0,0,0,0,0,0,0,0,0,0,0,0,0,0,0,0,0,0,0,0,0,0,0,0,0,0,0,0,0,0,0,0,0,0,0,0,0,0,0,0,0,0,0,0,0,0,0,0,0,0,0,0,0,0,0,0,0,0,0,0,0,0,0,0,0,0,0,0,0,0,0,0,0,0,0,0,0,0,0,0,0,0,0,0,0,0,0,0,0,0,0,0,0,0,0,0,0,0,0,0,0,0,0,0,0,0,0,0,0,0,0,0,0,0,0,0,0,0,0,0,0,0,0,0,0,0,0,0,0,0,0,0,0,0,0,0,0,0,0,0,0,0,0,0,0,0,0,0,0,0,0,0,0,0,0,0,0,0,0,0,0,0,0,0,0,0,0,0,0,0,0,0,0,0,0,0,0,0,0,0,0,0,0,0,0,0,0,0,0,0,0,0,0,0,0,0,0,0,0,0,0,0,0,0,0,0,0,0,0,0,0,0,0,0,0,0,0,0,0,0,0,0,0,0,0,0,0,0,0,0,0,0,0,0,0,0,0,0,0,0,0,0,0,0,0,0,0,0,0,0,0,0,0,0,0,0,0,0,0,0,0,0,0,0,0,0,0,0,0,0,0,0,0,0,0,0,0,0,0,0,0,0,0,0,0,0,0,0,0,0,0,0,0,0,0,0,0,0,0,0,0,0,0,0,0,0,0,0,0,0,0,0,0,0,0,0,0,0,0,0,0,0,0,0,0,0,0,0,0,0,0,0,0,0,0,0,0,0,0,0,0,0,0,0,0,0,0,0,0,0,0,0,0,0,0,0,0,0,0,0,0,0,0,0,0,0,0,0,0,0,0,0,0,0,0,0,0,0,0,0,0,0,0,0,0,0,0,0,0,0,0,0,0,0,0,0,0,0,0,0,0,0,0,0,0,0,0,0,0,0,0,0,0,0,0,0,0,0,0,0,0,0,0,0,0,0,0,0,0,0,0,0,0,0,0,0,0,0,0,0,0,0,0,0,0,944,0,1663,3496,6512,11058,17623,22014,23182,25583,22944,23856,20202,19030,14800,15863,14852,13184,10955,10154,9365,10068,7839,7438,6106,7357,6871,4953,5597,5899,5028,5321,4453,3809,4513,3343,3571,3383,4135,3580,3634,2775,3005,2682,2848,2844,2532,2722,2985,2964,1926,2306,2157,2495,2496,2436,2128,1796,1223,2402,2559,2117,2833,2469,1443,1655,1380,1802,1681,2644,1219,2318,1222,1798,956,1439,1208,1015,969,1240,857,1802,1044,1420,1594,1829,1237,1093,1954,1195,1016,1044,1201,1127,1578,1160,1309,839,845,915,950,893,1220,1357,863,1280,770,1507,961,1284,887,981,793,1177,1003,979,1484,938,705,744,1027,894,1112,546,557,1068,729,749,712,488,698,1155,948,655,1120,806,698,646,1103,709,601,532,736,611,573,1032,714,668,624,592,569,0,0,431,559,491,434,675,0,419,0,520,1035,536,804,0,0,0,586,442,0,759,0,685,798,0,0,640,0,0,0,603,439,611,511,0,0,521,0,715,0,0,0,0,0,812,0,0,0,0,0,0,460,0,0,0,0,0,0,0,492,0,0,0,0,0,0,0,0,0,0,0,0,0,0,0,0,835,0,0,0,0,0,554,0,0,0,0,0,0,0,0,0,0,0,0,0,0,0,0,0,0,0,0,0,0,0,0,0,0,0,0,0,0,0,0,0,0,0,0,0,0,0,0,0,0,0,0,0,0,0,0,0,0,0,0,0,0,0,0,0,0,0,0,0,0,0,0,0,0,0,0,0,0,0,0,0,0,0,0,0,0,0,0,0,0,0,0,0,0,0,0,0,0,0,0,0,0,0,0,0,0,0,0,0,0,0,0,0,0,0,0,0,0,0,0,0,0,0,0,0,0,0,0,0,0,0,0,0,0,0,0,0,0,0,0,0,0,0,0,0,0,0,0,0,0,0,0,0,0,0,0,0,0,0,0,0,0,0,0",8.53,9.39
QC-2_Blank-1_20241212_A_EC_JM-Breath-2_02.d,13C18-Stearate,C18H36O2,Resuspension QC,0.8,0.89,25525,8298,-1.2,[M18C13-H],heavy,0,1.475,2.043,0.04,301.3246,902,"0.06,0.08,0.1,0.11,0.13,0.16,0.18,0.2,0.21,0.23,0.25,0.26,0.28,0.3,0.31,0.33,0.35,0.36,0.38,0.4,0.41,0.43,0.45,0.46,0.48,0.5,0.51,0.53,0.54,0.56,0.58,0.59,0.61,0.63,0.64,0.66,0.68,0.69,0.71,0.73,0.74,0.76,0.78,0.79,0.81,0.83,0.84,0.86,0.88,0.89,0.91,0.93,0.94,0.96,0.97,0.99,1.01,1.02,1.04,1.06,1.07,1.09,1.11,1.12,1.14,1.16,1.17,1.19,1.21,1.22,1.24,1.26,1.27,1.29,1.31,1.32,1.34,1.36,1.37,1.39,1.4,1.42,1.44,1.45,1.47,1.49,1.5,1.52,1.54,1.55,1.57,1.59,1.6,1.62,1.64,1.65,1.67,1.69,1.7,1.72,1.74,1.75,1.77,1.79,1.8,1.82,1.84,1.85,1.87,1.88,1.9,1.92,1.93,1.95,1.97,1.98,2,2.02,2.03,2.05,2.07,2.08,2.1,2.12,2.13,2.15,2.17,2.18,2.2,2.22,2.23,2.25,2.27,2.28,2.3,2.31,2.33,2.35,2.36,2.38,2.4,2.41,2.43,2.45,2.46,2.48,2.5,2.51,2.53,2.55,2.56,2.58,2.6,2.61,2.63,2.65,2.66,2.68,2.7,2.71,2.73,2.74,2.76,2.78,2.79,2.81,2.83,2.84,2.86,2.88,2.89,2.91,2.93,2.94,2.96,2.98,2.99,3.01,3.03,3.04,3.06,3.08,3.09,3.11,3.13,3.14,3.16,3.17,3.19,3.21,3.22,3.24,3.26,3.27,3.29,3.31,3.32,3.34,3.36,3.37,3.39,3.41,3.42,3.44,3.46,3.47,3.49,3.51,3.52,3.54,3.56,3.57,3.59,3.61,3.62,3.64,3.65,3.67,3.69,3.7,3.72,3.74,3.75,3.77,3.79,3.8,3.82,3.84,3.85,3.87,3.89,3.9,3.92,3.94,3.95,3.97,3.99,4,4.02,4.04,4.05,4.07,4.08,4.1,4.12,4.13,4.15,4.17,4.18,4.2,4.22,4.23,4.25,4.27,4.28,4.3,4.32,4.33,4.35,4.37,4.38,4.4,4.42,4.43,4.45,4.47,4.48,4.5,4.51,4.53,4.55,4.56,4.58,4.6,4.61,4.63,4.65,4.66,4.68,4.7,4.71,4.73,4.75,4.76,4.78,4.8,4.81,4.83,4.85,4.86,4.88,4.9,4.91,4.93,4.95,4.96,4.98,4.99,5.01,5.03,5.04,5.06,5.08,5.09,5.11,5.13,5.14,5.16,5.18,5.19,5.21,5.23,5.24,5.26,5.28,5.29,5.31,5.33,5.34,5.36,5.38,5.39,5.41,5.42,5.44,5.46,5.47,5.49,5.51,5.52,5.54,5.56,5.57,5.59,5.61,5.62,5.64,5.66,5.67,5.69,5.71,5.72,5.74,5.76,5.77,5.79,5.81,5.82,5.84,5.85,5.87,5.89,5.9,5.92,5.94,5.95,5.97,5.99,6,6.02,6.04,6.05,6.07,6.09,6.1,6.12,6.14,6.15,6.17,6.19,6.2,6.22,6.24,6.25,6.27,6.28,6.3,6.32,6.33,6.35,6.37,6.38,6.4,6.42,6.43,6.45,6.47,6.48,6.5,6.52,6.53,6.55,6.57,6.58,6.6,6.62,6.63,6.65,6.67,6.68,6.7,6.72,6.73,6.75,6.76,6.78,6.8,6.81,6.83,6.85,6.86,6.88,6.9,6.91,6.93,6.95,6.96,6.98,7,7.01,7.03,7.05,7.06,7.08,7.1,7.11,7.13,7.15,7.16,7.18,7.19,7.21,7.23,7.24,7.26,7.28,7.29,7.31,7.33,7.34,7.36,7.38,7.39,7.41,7.43,7.44,7.46,7.48,7.49,7.51,7.53,7.54,7.56,7.58,7.59,7.61,7.62,7.64,7.66,7.67,7.69,7.71,7.72,7.74,7.76,7.77,7.79,7.81,7.82,7.84,7.86,7.87,7.89,7.91,7.92,7.94,7.96,7.97,7.99,8.01,8.02,8.04,8.06,8.07,8.09,8.1,8.12,8.14,8.15,8.17,8.19,8.2,8.22,8.24,8.25,8.27,8.29,8.3,8.32,8.34,8.35,8.37,8.39,8.4,8.42,8.44,8.45,8.47,8.49,8.5,8.52,8.53,8.55,8.57,8.58,8.6,8.62,8.63,8.65,8.67,8.68,8.7,8.72,8.73,8.75,8.77,8.78,8.8,8.82,8.83,8.85,8.87,8.88,8.9,8.92,8.93,8.95,8.96,8.98,9,9.01,9.03,9.05,9.06,9.08,9.1,9.11,9.13,9.15,9.16,9.18,9.2,9.21,9.23,9.25,9.26,9.28,9.3,9.31,9.33,9.35,9.36,9.38,9.39,9.41,9.43,9.44,9.46,9.48,9.49,9.51,9.53,9.54,9.56,9.58,9.59,9.61,9.63,9.64,9.66,9.68,9.69,9.71,9.73,9.74,9.76,9.78,9.79,9.81,9.83,9.84,9.86,9.87,9.89,9.91,9.92,9.94,9.96,9.97,9.99,10.01,10.02,10.04,10.06,10.07,10.09,10.11,10.12,10.14,10.16,10.17,10.19,10.21,10.22,10.24,10.26,10.27,10.29,10.3,10.32,10.34,10.35,10.37,10.39,10.4,10.42,10.44,10.45,10.47,10.49,10.5,10.52,10.54,10.55,10.57,10.59,10.6,10.62,10.64,10.65,10.67,10.69,10.7,10.72,10.73,10.75,10.77,10.78,10.8,10.82,10.83,10.85,10.87,10.88,10.9,10.92,10.93,10.95,10.97,10.98,11,11.02,11.03,11.05,11.07,11.08,11.1,11.12,11.13,11.15,11.17,11.18,11.2,11.21,11.23,11.25,11.26,11.28,11.3,11.31,11.33,11.35,11.36,11.38,11.4,11.41,11.43,11.45,11.46,11.48,11.5,11.51,11.53,11.55,11.56,11.58,11.6,11.61,11.63,11.64,11.66,11.68,11.69,11.71,11.73,11.74,11.76,11.78,11.79,11.81,11.83,11.84,11.86,11.88,11.89,11.91,11.93,11.94,11.96,11.98,11.99,12.01,12.03,12.04,12.06,12.07,12.09,12.11,12.12,12.14,12.16,12.17,12.19,12.21,12.22,12.24,12.26,12.27,12.29,12.31,12.32,12.34,12.36,12.37,12.39,12.41,12.42,12.44,12.46,12.47,12.49,12.5,12.52,12.54,12.55,12.57,12.59,12.6,12.62,12.64,12.65,12.67,12.69,12.7,12.72,12.74,12.75,12.77,12.79,12.8,12.82,12.84,12.85,12.87,12.89,12.9,12.92,12.94,12.95,12.97,12.98,13,13.02,13.03,13.05,13.07,13.08,13.1,13.12,13.13,13.15,13.17,13.18,13.2,13.22,13.23,13.25,13.27,13.28,13.3,13.32,13.33,13.35,13.37,13.38,13.4,13.41,13.43,13.45,13.46,13.48,13.5,13.51,13.53,13.55,13.56,13.58,13.6,13.61,13.63,13.65,13.66,13.68,13.7,13.71,13.73,13.75,13.76,13.78,13.8,13.81,13.83,13.84,13.86,13.88,13.89,13.91,13.93,13.94,13.96,13.98,13.99,14.01,14.03,14.04,14.06,14.08,14.09,14.11,14.13,14.14,14.16,14.18,14.19,14.21,14.23,14.24,14.26,14.28,14.29,14.31,14.32,14.34,14.36,14.37,14.39,14.41,14.42,14.44,14.46,14.47,14.49,14.51,14.52,14.54,14.56,14.57,14.59,14.61,14.62,14.64,14.66,14.67,14.69,14.71,14.72,14.74,14.75,14.77,14.79,14.8,14.82,14.84,14.85,14.87,14.89,14.9,14.92,14.94,14.95,14.97,14.99","0,0,0,0,0,0,0,0,0,0,0,0,0,0,0,0,0,0,0,0,0,0,0,0,0,0,0,0,0,0,0,0,0,0,0,0,0,0,0,0,0,0,0,0,0,0,0,1033,8767,8229,2784,1506,1145,639,736,431,447,0,0,0,0,0,0,0,0,0,0,0,0,0,0,0,0,0,0,0,0,0,492,448,568,703,899,648,0,0,0,0,0,0,0,0,0,0,0,0,0,0,0,0,0,0,0,0,0,0,0,0,0,0,0,0,0,0,0,0,0,0,0,0,0,0,0,0,0,0,0,0,0,0,0,0,0,0,0,0,0,0,0,0,0,0,0,0,0,0,0,0,0,0,0,0,0,0,0,0,0,0,0,0,0,0,0,0,0,0,0,0,0,0,0,0,0,0,0,0,0,0,0,0,0,0,0,0,0,0,0,0,0,0,0,0,0,0,0,0,0,0,0,0,0,0,0,0,0,0,0,0,0,0,0,0,0,0,0,0,0,0,0,0,0,0,0,0,0,0,0,0,0,0,0,0,0,0,0,0,0,0,0,0,0,0,0,0,0,0,0,0,0,0,0,0,0,0,0,0,0,0,0,0,0,0,0,0,0,0,0,0,0,0,0,0,0,0,0,0,0,0,0,0,0,0,0,0,0,0,0,0,0,0,0,0,0,0,0,0,0,0,0,0,0,0,0,0,0,0,0,0,0,0,0,0,0,0,0,0,0,0,0,0,0,0,0,0,0,0,0,0,0,0,0,0,0,0,0,0,0,0,0,0,0,0,0,0,0,0,0,0,0,0,0,0,0,0,0,0,0,0,0,0,0,0,0,0,0,0,0,0,0,0,0,0,0,0,0,0,0,0,0,0,0,0,0,0,0,0,0,0,0,0,0,0,0,0,0,0,0,0,0,0,0,0,0,0,0,0,0,0,0,0,0,0,0,0,0,0,0,0,0,0,0,0,0,0,0,0,0,0,0,0,0,0,0,0,0,0,0,0,0,0,0,0,0,0,0,0,0,0,0,0,0,0,0,0,0,0,0,0,0,0,0,0,0,0,0,0,0,0,0,0,0,0,0,0,0,0,0,0,0,0,0,0,0,0,0,0,0,0,0,0,0,0,0,0,0,0,0,0,0,0,0,0,0,0,0,0,0,0,0,0,0,0,0,0,0,0,0,0,0,0,0,0,0,0,0,0,0,0,0,0,0,0,0,0,0,0,0,0,0,0,0,0,0,0,0,0,0,0,0,0,0,0,0,0,0,0,0,0,0,0,0,0,0,0,0,0,0,0,0,0,0,0,0,0,0,0,0,0,0,0,0,0,0,0,0,0,0,0,0,0,0,0,0,0,0,0,0,0,0,0,0,0,0,0,0,0,0,0,0,0,0,0,0,0,0,0,0,0,0,0,0,0,0,0,0,0,0,0,0,0,0,0,0,0,0,0,0,0,0,0,0,0,0,0,0,0,0,0,0,0,0,0,0,0,0,0,0,0,0,0,0,0,0,0,0,0,0,0,0,0,0,0,0,0,0,0,0,0,0,0,0,0,0,0,0,0,0,0,0,0,0,0,0,0,0,0,0,0,0,0,0,0,0,0,0,0,0,0,0,0,0,0,0,0,0,0,0,0,0,0,0,0,0,0,0,0,0,0,0,0,0,0,0,0,0,0,0,0,0,0,0,0,0,0,0,0,0,0,0,0,0,0,0,0,0,0,0,0,0,0,0,0,0,0,0,0,0,0,0,0,0,0,0,0,0,0,0,0,0,0,0,0,0,0,0,0,0,0,0,0,0,0,0,0,0,0,0,0,0,0,0,0,0,0,0,0,0,0,0,0,0,0,0,0,0,0,0,0,0,0,0,0,0,0,0,0,0,0,0,0,0,0,0,0,0,0,0,0,0,0,0,0,0,0,0,0,0,0,0,0,0,0,0,0,0,0,0,0,0,0,0,0,0,0,0,0,0,0,0,0,0,0,0,0,0,0,0,0,0,0,0,0,0,0,0,0,0,0,0,0,0,0,0,0,0,0,0,0,0,0,0,0",0.84,1.04
,13C3-Caffeine,C8H10N4O2,Resuspension QC,0.7,#N/A,#N/A,#N/A,#N/A,[M3C13+H],heavy,0,,,#N/A,#N/A,#N/A,,,#N/A,#N/A
